timestamp,symbol,open,high,low,close,volume
2026-01-15 09:00:00,005930,22000.0,22026.4,21960.057690004443,21986.44141970809,150000
2026-01-15 09:05:00,005930,21986.44141970809,22026.16319444107,21960.057690004443,21999.76347826715,150000
2026-01-15 09:10:00,005930,21999.76347826715,22026.16319444107,21916.465166524606,21942.796522351426,150000
2026-01-15 09:15:00,005930,21942.796522351426,21969.12787817825,21858.29642178639,21884.557891255896,150000
2026-01-15 09:20:00,005930,21884.557891255896,21910.819360725403,21818.802182503434,21845.016201945768,150000
2026-01-15 09:25:00,005930,21845.016201945768,21871.230221388105,21800.672024393265,21826.864261507075,150000
2026-01-15 09:30:00,005930,21826.864261507075,21853.056498620885,21784.876039582872,21811.04929874136,150000
2026-01-15 09:35:00,005930,21811.04929874136,21837.22255789985,21778.756366932143,21804.922273660533,150000
2026-01-15 09:40:00,005930,21804.922273660533,21834.245828330284,21778.756366932143,21808.076136965923,150000
2026-01-15 09:45:00,005930,21808.076136965923,21834.245828330284,21761.214616926743,21787.359448264662,150000
2026-01-15 09:50:00,005930,21787.359448264662,21823.48016511971,21761.214616926743,21797.323377067227,150000
2026-01-15 09:55:00,005930,21797.323377067227,21854.003856223684,21771.166589014745,21827.81048364331,150000
2026-01-15 10:00:00,005930,21827.81048364331,21873.35566585113,21801.617111062937,21847.13909893241,150000
2026-01-15 10:05:00,005930,21847.13909893241,21914.036339877694,21820.92253201369,21887.7710146601,150000
2026-01-15 10:10:00,005930,21887.7710146601,21988.078090298186,21861.505689442507,21961.72402147242,150000
2026-01-15 10:15:00,005930,21961.72402147242,21988.078090298186,21923.146274615767,21949.485657404653,150000
2026-01-15 10:20:00,005930,21949.485657404653,22042.059364956433,21923.146274615767,22015.64059624094,150000
2026-01-15 10:25:00,005930,22015.64059624094,22042.059364956433,21961.829932952565,21988.215791902847,150000
2026-01-15 10:30:00,005930,21988.215791902847,22022.316848525694,21961.829932952565,21995.92174243477,150000
2026-01-15 10:35:00,005930,21995.92174243477,22067.781694124882,21969.52663634385,22041.33209561015,150000
2026-01-15 10:40:00,005930,22041.33209561015,22125.925612099913,22014.882497095416,22099.4063245105,150000
2026-01-15 10:45:00,005930,22099.4063245105,22160.28599926673,22072.887036921085,22133.725528632367,150000
2026-01-15 10:50:00,005930,22133.725528632367,22195.450875585884,22107.16505799801,22168.84825767667,150000
2026-01-15 10:55:00,005930,22168.84825767667,22252.543686762598,22142.245639767458,22225.87263959508,150000
2026-01-15 11:00:00,005930,22225.87263959508,22265.98837606315,22199.201592427566,22239.30121460562,150000
2026-01-15 11:05:00,005930,22239.30121460562,22300.766882351123,22212.614053148096,22274.038036707072,150000
2026-01-15 11:10:00,005930,22274.038036707072,22300.766882351123,22232.720838018715,22259.432156606643,150000
2026-01-15 11:15:00,005930,22259.432156606643,22286.143475194574,22187.55905272571,22214.216112060185,150000
2026-01-15 11:20:00,005930,22214.216112060185,22240.873171394658,22121.331667290993,22147.90915828093,150000
2026-01-15 11:25:00,005930,22147.90915828093,22238.314967703478,22121.331667290993,22211.660974534036,150000
2026-01-15 11:30:00,005930,22211.660974534036,22271.828821681604,22185.006981364597,22245.134660089494,150000
2026-01-15 11:35:00,005930,22245.134660089494,22271.828821681604,22209.53902675236,22236.222493744855,150000
2026-01-15 11:40:00,005930,22236.222493744855,22262.905960737353,22196.496703907575,22223.164501309144,150000
2026-01-15 11:45:00,005930,22223.164501309144,22305.45687945749,22196.496703907575,22278.722412562416,800000
2026-01-15 11:50:00,005930,22278.722412562416,22305.45687945749,22218.65373464544,22245.348152428352,150000
2026-01-15 11:55:00,005930,22245.348152428352,22272.04257021127,22196.67821511115,22223.346230587857,150000
2026-01-15 12:00:00,005930,22223.346230587857,22250.014246064566,22190.239107716214,22216.89938698059,150000
2026-01-15 12:05:00,005930,22216.89938698059,22290.0566940649,22190.239107716214,22263.34068524261,150000
2026-01-15 12:10:00,005930,22263.34068524261,22310.661168732982,22236.624676420317,22283.920464175968,150000
2026-01-15 12:15:00,005930,22283.920464175968,22310.661168732982,22210.763632405145,22237.448570689972,150000
2026-01-15 12:20:00,005930,22237.448570689972,22314.51377304086,22210.763632405145,22287.768450899777,150000
2026-01-15 12:25:00,005930,22287.768450899777,22354.879166097522,22261.023128758698,22328.08546354127,150000
2026-01-15 12:30:00,005930,22328.08546354127,22370.111663632502,22301.29176098502,22343.299703987715,150000
2026-01-15 12:35:00,005930,22343.299703987715,22381.461524956878,22316.487744342932,22354.635961802713,150000
2026-01-15 12:40:00,005930,22354.635961802713,22408.382863372724,22327.81039864855,22381.525033332724,150000
2026-01-15 12:45:00,005930,22381.525033332724,22464.403820531155,22354.667203292724,22437.478845916055,800000
2026-01-15 12:50:00,005930,22437.478845916055,22464.403820531155,22393.275977908223,22420.18019414119,150000
2026-01-15 12:55:00,005930,22420.18019414119,22523.23235879468,22393.275977908223,22496.236874545226,150000
2026-01-15 13:00:00,005930,22496.236874545226,22565.312830596995,22469.24139029577,22538.26691030463,150000
2026-01-15 13:05:00,005930,22538.26691030463,22589.336852397537,22511.22099001226,22562.262137832135,150000
2026-01-15 13:10:00,005930,22562.262137832135,22589.336852397537,22515.699527972796,22542.750828967557,150000
2026-01-15 13:15:00,005930,22542.750828967557,22569.80212996232,22485.75018343403,22512.765502036473,150000
2026-01-15 13:20:00,005930,22512.765502036473,22583.16808661356,22485.75018343403,22556.100765694726,150000
2026-01-15 13:25:00,005930,22556.100765694726,22604.276584171235,22529.033444775894,22577.183963415137,150000
2026-01-15 13:30:00,005930,22577.183963415137,22633.100162574192,22550.091342659038,22605.972994980213,150000
2026-01-15 13:35:00,005930,22605.972994980213,22633.100162574192,22551.550998131865,22578.645372578958,150000
2026-01-15 13:40:00,005930,22578.645372578958,22617.407578591796,22551.550998131865,22590.29921952836,150000
2026-01-15 13:45:00,005930,22590.29921952836,22673.951097538273,22563.190860464925,22646.774967577177,800000
2026-01-15 13:50:00,005930,22646.774967577177,22673.951097538273,22614.388563474542,22641.558433594855,150000
2026-01-15 13:55:00,005930,22641.558433594855,22676.925916683365,22614.388563474542,22649.7462212179,150000
2026-01-15 14:00:00,005930,22649.7462212179,22736.889326810768,22622.56652575244,22709.637761496968,150000
2026-01-15 14:05:00,005930,22709.637761496968,22736.889326810768,22665.82761512674,22693.05928627026,150000
2026-01-15 14:10:00,005930,22693.05928627026,22720.29095741379,22635.25374080941,22662.44867922448,150000
2026-01-15 14:15:00,005930,22662.44867922448,22719.979994340658,22635.25374080941,22692.748695905568,150000
2026-01-15 14:20:00,005930,22692.748695905568,22756.866572001498,22665.51739747048,22729.591062726224,150000
2026-01-15 14:25:00,005930,22729.591062726224,22756.866572001498,22657.924435240766,22685.146611174176,150000
2026-01-15 14:30:00,005930,22685.146611174176,22743.92828897275,22657.924435240766,22716.668287028315,150000
2026-01-15 14:35:00,005930,22716.668287028315,22794.389989134175,22689.408285083882,22767.0695057273,150000
2026-01-15 14:40:00,005930,22767.0695057273,22794.389989134175,22738.105140180647,22765.423648558917,150000
2026-01-15 14:45:00,005930,22765.423648558917,22809.55510478174,22738.105140180647,22782.21644504768,150000
2026-01-15 14:50:00,005930,22782.21644504768,22850.143756841557,22754.877785313623,22822.75644910263,150000
2026-01-15 14:55:00,005930,22822.75644910263,22885.504301969497,22795.36914136371,22858.07461243457,150000
2026-01-15 15:00:00,005930,22858.07461243457,22892.2063837367,22830.64492289965,22864.768661343085,150000
2026-01-15 15:05:00,005930,22864.768661343085,22892.29245775357,22837.330938949475,22864.854632194936,150000
2026-01-15 15:10:00,005930,22864.854632194936,22911.98469150762,22837.4168066363,22884.52326359131,150000
2026-01-15 15:15:00,005930,22884.52326359131,22941.802599680588,22857.061835675,22914.305433160793,150000
2026-01-15 09:00:00,000660,22000.0,22027.38220753722,21973.600000000002,22000.981030300856,150000
2026-01-15 09:05:00,000660,22000.981030300856,22027.38220753722,21957.568010600884,21983.948749099804,150000
2026-01-15 09:10:00,000660,21983.948749099804,22040.914769973235,21957.568010600884,22014.497373125483,150000
2026-01-15 09:15:00,000660,22014.497373125483,22077.957768994103,21988.07997627773,22051.49597382551,150000
2026-01-15 09:20:00,000660,22051.49597382551,22121.256957857873,22025.03417865692,22094.743265938745,150000
2026-01-15 09:25:00,000660,22094.743265938745,22121.256957857873,22063.332931228204,22089.840740116342,150000
2026-01-15 09:30:00,000660,22089.840740116342,22180.397999567816,22063.332931228204,22153.813423459662,150000
2026-01-15 09:35:00,000660,22153.813423459662,22272.352693482142,22127.22884735151,22245.657903997344,150000
2026-01-15 09:40:00,000660,22245.657903997344,22272.352693482142,22201.36002942683,22228.033669830624,150000
2026-01-15 09:45:00,000660,22228.033669830624,22274.492427413697,22201.36002942683,22247.795073325706,150000
2026-01-15 09:50:00,000660,22247.795073325706,22304.693752266194,22221.097719237714,22277.960200026162,150000
2026-01-15 09:55:00,000660,22277.960200026162,22304.693752266194,22189.947627790883,22216.607556859115,150000
2026-01-15 10:00:00,000660,22216.607556859115,22243.267485927347,22184.95316062436,22211.607089131317,150000
2026-01-15 10:05:00,000660,22211.607089131317,22238.261017638277,22150.921030390873,22177.534071276405,150000
2026-01-15 10:10:00,000660,22177.534071276405,22204.14711216194,22140.916474842936,22167.51749583794,150000
2026-01-15 10:15:00,000660,22167.51749583794,22194.118516832947,22102.037297242758,22128.591607171362,150000
2026-01-15 10:20:00,000660,22128.591607171362,22155.14591709997,22090.853639710043,22117.394513125793,150000
2026-01-15 10:25:00,000660,22117.394513125793,22145.47040650552,22090.853639710043,22118.92769327359,150000
2026-01-15 10:30:00,000660,22118.92769327359,22145.47040650552,22087.358433795736,22113.895107925247,150000
2026-01-15 10:35:00,000660,22113.895107925247,22187.911625906865,22087.358433795736,22161.31804425376,150000
2026-01-15 10:40:00,000660,22161.31804425376,22189.822756033707,22134.724462600654,22163.22688377318,150000
2026-01-15 10:45:00,000660,22163.22688377318,22219.897806514855,22136.63101151265,22193.265887449914,150000
2026-01-15 10:50:00,000660,22193.265887449914,22243.391549887223,22166.633968384973,22216.731472120675,150000
2026-01-15 10:55:00,000660,22216.731472120675,22246.963067654833,22190.07139435413,22220.298709203787,150000
2026-01-15 11:00:00,000660,22220.298709203787,22249.18183213532,22193.63435075274,22222.51481435809,150000
2026-01-15 11:05:00,000660,22222.51481435809,22286.505530171442,22195.84779658086,22259.793777638275,150000
2026-01-15 11:10:00,000660,22259.793777638275,22318.940885549768,22233.08202510511,22292.190257241076,150000
2026-01-15 11:15:00,000660,22292.190257241076,22369.10261991098,22265.43962893239,22342.291869667377,150000
2026-01-15 11:20:00,000660,22342.291869667377,22369.10261991098,22295.844496613554,22322.631654599074,150000
2026-01-15 11:25:00,000660,22322.631654599074,22372.58841849619,22295.844496613554,22345.77349030782,150000
2026-01-15 11:30:00,000660,22345.77349030782,22377.735252852566,22318.95856211945,22350.914155865525,150000
2026-01-15 11:35:00,000660,22350.914155865525,22390.720007125543,22324.093058878487,22363.88334710901,150000
2026-01-15 11:40:00,000660,22363.88334710901,22426.893429295575,22337.04668709248,22400.013413199733,150000
2026-01-15 11:45:00,000660,22400.013413199733,22482.960662868813,22373.133397103895,22456.01344673273,800000
2026-01-15 11:50:00,000660,22456.01344673273,22482.960662868813,22386.128530587,22413.024159578494,150000
2026-01-15 11:55:00,000660,22413.024159578494,22439.91978856999,22366.87126423881,22393.743756746906,150000
2026-01-15 12:00:00,000660,22393.743756746906,22465.585632359067,22366.87126423881,22438.659241269543,150000
2026-01-15 12:05:00,000660,22438.659241269543,22490.234980835263,22411.73285018002,22463.279045980085,150000
2026-01-15 12:10:00,000660,22463.279045980085,22558.244947925003,22436.32311112491,22531.207498926287,150000
2026-01-15 12:15:00,000660,22531.207498926287,22600.2849100891,22504.170049927576,22573.197073600775,150000
2026-01-15 12:20:00,000660,22573.197073600775,22617.46229777963,22546.109237112454,22590.353873131873,150000
2026-01-15 12:25:00,000660,22590.353873131873,22647.46649257241,22563.245448484115,22620.322106045154,150000
2026-01-15 12:30:00,000660,22620.322106045154,22733.34436370353,22593.177719517902,22706.097047246833,150000
2026-01-15 12:35:00,000660,22706.097047246833,22733.34436370353,22674.737233396954,22701.979608927668,150000
2026-01-15 12:40:00,000660,22701.979608927668,22741.19604030415,22674.737233396954,22713.939313128394,150000
2026-01-15 12:45:00,000660,22713.939313128394,22798.04903040491,22686.68258595264,22770.724161411214,800000
2026-01-15 12:50:00,000660,22770.724161411214,22798.04903040491,22740.09134225355,22767.412236937875,150000
2026-01-15 12:55:00,000660,22767.412236937875,22813.24881310542,22740.09134225355,22785.905726233937,150000
2026-01-15 13:00:00,000660,22785.905726233937,22816.355367164953,22758.56263936246,22789.008556896675,150000
2026-01-15 13:05:00,000660,22789.008556896675,22835.25598596942,22761.6617466284,22807.886522142846,150000
2026-01-15 13:10:00,000660,22807.886522142846,22835.25598596942,22742.551210973532,22769.875061046787,150000
2026-01-15 13:15:00,000660,22769.875061046787,22797.198911120046,22741.388238001196,22768.710690830194,150000
2026-01-15 13:20:00,000660,22768.710690830194,22805.587803771563,22741.388238001196,22778.25389909265,150000
2026-01-15 13:25:00,000660,22778.25389909265,22815.497918277397,22750.91999441374,22788.152135714536,150000
2026-01-15 13:30:00,000660,22788.152135714536,22879.86734047614,22760.80635315168,22852.44440718751,150000
2026-01-15 13:35:00,000660,22852.44440718751,22879.86734047614,22771.883368519535,22799.2424594709,150000
2026-01-15 13:40:00,000660,22799.2424594709,22871.723905102815,22771.883368519535,22844.310732224145,150000
2026-01-15 13:45:00,000660,22844.310732224145,22928.90321486557,22816.897559345478,22901.421509054704,800000
2026-01-15 13:50:00,000660,22901.421509054704,22928.90321486557,22815.60194652396,22843.01356279932,150000
2026-01-15 13:55:00,000660,22843.01356279932,22870.42517907468,22788.86430195557,22816.24379450898,150000
2026-01-15 14:00:00,000660,22816.24379450898,22871.55427941372,22788.86430195557,22844.14130984191,150000
2026-01-15 14:05:00,000660,22844.14130984191,22942.108790015554,22816.7283402701,22914.611256507742,150000
2026-01-15 14:10:00,000660,22914.611256507742,22942.108790015554,22867.68811095753,22895.1623057244,150000
2026-01-15 14:15:00,000660,22895.1623057244,22923.80411485356,22867.68811095753,22896.328520628802,150000
2026-01-15 14:20:00,000660,22896.328520628802,22938.08212569507,22868.852926404048,22910.589418392996,150000
2026-01-15 14:25:00,000660,22910.589418392996,22938.08212569507,22852.230121867502,22879.685744761216,150000
2026-01-15 14:30:00,000660,22879.685744761216,22930.90356694082,22852.230121867502,22903.419463584516,150000
2026-01-15 14:35:00,000660,22903.419463584516,22992.86759991176,22875.935360228214,22965.30922883715,150000
2026-01-15 14:40:00,000660,22965.30922883715,22992.86759991176,22929.90004096171,22957.448979737397,150000
2026-01-15 14:45:00,000660,22957.448979737397,22984.997918513083,22892.649340542575,22920.1535247723,150000
2026-01-15 14:50:00,000660,22920.1535247723,22967.924084603135,22892.649340542575,22940.395609871288,150000
2026-01-15 14:55:00,000660,22940.395609871288,22977.842244090043,22912.867135139444,22950.30188183184,150000
2026-01-15 15:00:00,000660,22950.30188183184,22977.842244090043,22866.061139355268,22893.53337941056,150000
2026-01-15 15:05:00,000660,22893.53337941056,22969.935918079856,22866.061139355268,22942.405032041406,150000
2026-01-15 15:10:00,000660,22942.405032041406,23015.674178719917,22914.874146002956,22988.088472552852,150000
2026-01-15 15:15:00,000660,22988.088472552852,23033.214240893038,22960.50276638579,23005.60751187878,150000
2026-01-15 09:00:00,035420,22000.0,22042.07519631307,21973.600000000002,22015.656408622723,150000
2026-01-15 09:05:00,035420,22015.656408622723,22055.094373829063,21989.237620932377,22028.65998185084,150000
2026-01-15 09:10:00,035420,22028.65998185084,22062.589240642897,22002.225589872618,22036.145865604172,150000
2026-01-15 09:15:00,035420,22036.145865604172,22082.738827521905,22009.702490565447,22056.27130195955,150000
2026-01-15 09:20:00,035420,22056.27130195955,22082.738827521905,22000.27653273786,22026.708583037504,150000
2026-01-15 09:25:00,035420,22026.708583037504,22057.12775906352,22000.27653273786,22030.69092994758,150000
2026-01-15 09:30:00,035420,22030.69092994758,22057.619352188445,22004.254100831644,22031.181933867803,150000
2026-01-15 09:35:00,035420,22031.181933867803,22093.373452480395,22004.74451554716,22066.893180663596,150000
2026-01-15 09:40:00,035420,22066.893180663596,22114.765403857346,22040.4129088468,22088.259492466383,150000
2026-01-15 09:45:00,035420,22088.259492466383,22121.318003550085,22061.753581075423,22094.804238463927,150000
2026-01-15 09:50:00,035420,22094.804238463927,22127.90852079304,22068.29047337777,22101.38685656516,150000
2026-01-15 09:55:00,035420,22101.38685656516,22193.48720105922,22074.86519233728,22166.886936735136,150000
2026-01-15 10:00:00,035420,22166.886936735136,22218.124411410285,22140.286672411054,22191.49461786884,150000
2026-01-15 10:05:00,035420,22191.49461786884,22228.009435517903,22164.8648243274,22201.367794164904,150000
2026-01-15 10:10:00,035420,22201.367794164904,22228.009435517903,22100.983566184914,22127.536610117055,150000
2026-01-15 10:15:00,035420,22127.536610117055,22181.50559081043,22100.983566184914,22154.919687185804,150000
2026-01-15 10:20:00,035420,22154.919687185804,22181.50559081043,22096.636287646455,22123.18410857675,150000
2026-01-15 10:25:00,035420,22123.18410857675,22176.83287251048,22096.636287646455,22150.252569427164,150000
2026-01-15 10:30:00,035420,22150.252569427164,22215.06372891946,22123.672266343852,22188.437603794904,150000
2026-01-15 10:35:00,035420,22188.437603794904,22215.06372891946,22074.513667324238,22101.034909215297,150000
2026-01-15 10:40:00,035420,22101.034909215297,22156.77722212503,22074.513667324238,22130.220956976656,150000
2026-01-15 10:45:00,035420,22130.220956976656,22236.562847028457,22103.664691828286,22209.910953883795,150000
2026-01-15 10:50:00,035420,22209.910953883795,22239.684693210784,22183.259060739136,22213.029058340773,150000
2026-01-15 10:55:00,035420,22213.029058340773,22309.38377966068,22186.373423470766,22282.644606133315,150000
2026-01-15 11:00:00,035420,22282.644606133315,22309.38377966068,22219.528612012662,22246.224080909753,150000
2026-01-15 11:05:00,035420,22246.224080909753,22272.919549806847,22195.149323272854,22221.815501875102,150000
2026-01-15 11:10:00,035420,22221.815501875102,22276.571122436384,22195.149323272854,22249.871276904098,150000
2026-01-15 11:15:00,035420,22249.871276904098,22276.571122436384,22203.663248897818,22230.3396564856,150000
2026-01-15 11:20:00,035420,22230.3396564856,22323.104998171755,22203.663248897818,22296.349378917053,150000
2026-01-15 11:25:00,035420,22296.349378917053,22375.621436442867,22269.59375966235,22348.80287299527,150000
2026-01-15 11:30:00,035420,22348.80287299527,22375.621436442867,22306.84818676716,22333.648565045216,150000
2026-01-15 11:35:00,035420,22333.648565045216,22385.56182225098,22306.84818676716,22358.731344637414,150000
2026-01-15 11:40:00,035420,22358.731344637414,22437.184887056497,22331.90086702385,22410.29253601328,150000
2026-01-15 11:45:00,035420,22410.29253601328,22493.277849274138,22383.400184970065,22466.318267353312,800000
2026-01-15 11:50:00,035420,22466.318267353312,22540.52759482642,22439.35868543249,22513.511381169017,150000
2026-01-15 11:55:00,035420,22513.511381169017,22545.72115221461,22486.495167511614,22518.698713758098,150000
2026-01-15 12:00:00,035420,22518.698713758098,22545.72115221461,22481.837668488766,22508.848286432483,150000
2026-01-15 12:05:00,035420,22508.848286432483,22572.137794618986,22481.837668488766,22545.08369418596,150000
2026-01-15 12:10:00,035420,22545.08369418596,22572.137794618986,22478.732428706717,22505.739315885778,150000
2026-01-15 12:15:00,035420,22505.739315885778,22548.519474894372,22478.732428706717,22521.4936824754,150000
2026-01-15 12:20:00,035420,22521.4936824754,22582.250759499453,22494.467890056432,22555.184538053785,150000
2026-01-15 12:25:00,035420,22555.184538053785,22582.250759499453,22509.217609618034,22536.261122965592,150000
2026-01-15 12:30:00,035420,22536.261122965592,22563.304636313154,22501.25447010594,22528.28841620539,150000
2026-01-15 12:35:00,035420,22528.28841620539,22617.236574152088,22501.25447010594,22590.12842004803,150000
2026-01-15 12:40:00,035420,22590.12842004803,22617.236574152088,22545.971777634088,22573.059448972854,150000
2026-01-15 12:45:00,035420,22573.059448972854,22656.6474881124,22545.971777634088,22629.492097595285,800000
2026-01-15 12:50:00,035420,22629.492097595285,22668.14507878084,22602.33670707817,22640.975907691605,150000
2026-01-15 12:55:00,035420,22640.975907691605,22694.04178048855,22613.806736602375,22666.841570603825,150000
2026-01-15 13:00:00,035420,22666.841570603825,22694.04178048855,22625.489685484616,22652.67289295616,150000
2026-01-15 13:05:00,035420,22652.67289295616,22706.036807379616,22625.489685484616,22678.822220714756,150000
2026-01-15 13:10:00,035420,22678.822220714756,22706.036807379616,22615.767613142027,22642.939140110157,150000
2026-01-15 13:15:00,035420,22642.939140110157,22670.11066707829,22566.609357842473,22593.721824031312,150000
2026-01-15 13:20:00,035420,22593.721824031312,22715.45836235484,22566.609357842473,22688.232483374788,150000
2026-01-15 13:25:00,035420,22688.232483374788,22792.886833552355,22661.006604394737,22765.56815177023,150000
2026-01-15 13:30:00,035420,22765.56815177023,22792.886833552355,22693.503967954417,22720.768890623163,150000
2026-01-15 13:35:00,035420,22720.768890623163,22752.018104808347,22693.503967954417,22724.748406720282,150000
2026-01-15 13:40:00,035420,22724.748406720282,22752.018104808347,22679.412527974044,22706.66052059876,150000
2026-01-15 13:45:00,035420,22706.66052059876,22790.74328450654,22679.412527974044,22763.427171900257,800000
2026-01-15 13:50:00,035420,22763.427171900257,22807.21696105632,22736.111059293977,22779.88110373184,150000
2026-01-15 13:55:00,035420,22779.88110373184,22807.21696105632,22747.47244877813,22774.80221143185,150000
2026-01-15 14:00:00,035420,22774.80221143185,22865.23045414404,22747.47244877813,22837.825064067158,150000
2026-01-15 14:05:00,035420,22837.825064067158,22865.23045414404,22784.36433065916,22811.738416759268,150000
2026-01-15 14:10:00,035420,22811.738416759268,22839.11250285938,22745.2639021521,22772.591011365737,150000
2026-01-15 14:15:00,035420,22772.591011365737,22816.735097113036,22745.2639021521,22789.387831714976,150000
2026-01-15 14:20:00,035420,22789.387831714976,22873.444589487543,22762.04056631692,22846.029354262424,150000
2026-01-15 14:25:00,035420,22846.029354262424,22873.444589487543,22725.924140022467,22753.228013638833,150000
2026-01-15 14:30:00,035420,22753.228013638833,22813.905014148124,22725.924140022467,22786.561140779188,150000
2026-01-15 14:35:00,035420,22786.561140779188,22826.41907885954,22759.21726741025,22799.060206611604,150000
2026-01-15 14:40:00,035420,22799.060206611604,22865.685410212875,22771.70133436367,22838.27947484306,150000
2026-01-15 14:45:00,035420,22838.27947484306,22915.557362670545,22810.87353947325,22888.09165268732,150000
2026-01-15 14:50:00,035420,22888.09165268732,22915.557362670545,22852.03423787828,22879.489625428796,150000
2026-01-15 14:55:00,035420,22879.489625428796,22950.76663492567,22852.03423787828,22923.25872445632,150000
2026-01-15 15:00:00,035420,22923.25872445632,22966.379789829236,22895.75081398697,22938.85316603,150000
2026-01-15 15:05:00,035420,22938.85316603,22974.175794467323,22911.326542230763,22946.63982667531,150000
2026-01-15 15:10:00,035420,22946.63982667531,22974.175794467323,22908.06986595064,22935.59257704309,150000
2026-01-15 15:15:00,035420,22935.59257704309,22963.115288135545,22884.947975371422,22912.442906859655,150000
2026-01-16 09:00:00,005930,22000.0,22026.4,21896.826407280732,21923.13416828267,150000
2026-01-16 09:05:00,005930,21923.13416828267,21983.852437661604,21896.826407280732,21957.50343354135,150000
2026-01-16 09:10:00,005930,21957.50343354135,21983.852437661604,21915.190048901004,21941.5198727483,150000
2026-01-16 09:15:00,005930,21941.5198727483,21967.8496965956,21878.375227121673,21904.6608201058,150000
2026-01-16 09:20:00,005930,21904.6608201058,21930.94641308993,21857.66012844361,21883.920833443743,150000
2026-01-16 09:25:00,005930,21883.920833443743,21953.095538383568,21857.66012844361,21926.7833983056,150000
2026-01-16 09:30:00,005930,21926.7833983056,21953.095538383568,21880.040229662816,21906.327823050477,150000
2026-01-16 09:35:00,005930,21906.327823050477,21932.61541643814,21863.337155754518,21889.604681372162,150000
2026-01-16 09:40:00,005930,21889.604681372162,21915.87220698981,21839.636811013122,21865.87586204758,150000
2026-01-16 09:45:00,005930,21865.87586204758,21905.917917476007,21839.636811013122,21879.66232268878,150000
2026-01-16 09:50:00,005930,21879.66232268878,21926.76240790581,21853.406727901554,21900.481829710156,150000
2026-01-16 09:55:00,005930,21900.481829710156,21926.76240790581,21868.265119649794,21894.53856592891,150000
2026-01-16 10:00:00,005930,21894.53856592891,21957.21126403361,21868.265119649794,21930.8941910044,150000
2026-01-16 10:05:00,005930,21930.8941910044,22005.617337156757,21904.577117975197,21979.242246461003,150000
2026-01-16 10:10:00,005930,21979.242246461003,22039.73935712023,21952.86715576525,22013.323369077334,150000
2026-01-16 10:15:00,005930,22013.323369077334,22063.70580241888,21986.90738103444,22037.261089111944,150000
2026-01-16 10:20:00,005930,22037.261089111944,22065.2497235693,22010.81637580501,22038.803159777566,150000
2026-01-16 10:25:00,005930,22038.803159777566,22065.2497235693,22005.028087840976,22031.465846857205,150000
2026-01-16 10:30:00,005930,22031.465846857205,22118.329887126816,22005.028087840976,22091.819703482633,150000
2026-01-16 10:35:00,005930,22091.819703482633,22118.329887126816,22063.800973421934,22090.309344635498,150000
2026-01-16 10:40:00,005930,22090.309344635498,22123.66793796417,22063.800973421934,22097.151356336562,150000
2026-01-16 10:45:00,005930,22097.151356336562,22209.117405169636,22070.63477470896,22182.498407081137,150000
2026-01-16 10:50:00,005930,22182.498407081137,22212.790487458788,22155.87940899264,22186.16708695444,150000
2026-01-16 10:55:00,005930,22186.16708695444,22231.58007248557,22159.543686450095,22204.934151503763,150000
2026-01-16 11:00:00,005930,22204.934151503763,22235.084503033693,22178.288230521957,22208.43438177556,150000
2026-01-16 11:05:00,005930,22208.43438177556,22284.211697818606,22181.78426051743,22257.502694585102,150000
2026-01-16 11:10:00,005930,22257.502694585102,22284.211697818606,22214.767836325864,22241.457585428376,150000
2026-01-16 11:15:00,005930,22241.457585428376,22277.696273635087,22214.767836325864,22250.995079539636,150000
2026-01-16 11:20:00,005930,22250.995079539636,22317.76413355741,22224.29388544419,22291.01491565862,150000
2026-01-16 11:25:00,005930,22291.01491565862,22317.76413355741,22215.64267871459,22242.333478889257,150000
2026-01-16 11:30:00,005930,22242.333478889257,22303.314827765265,22215.64267871459,22276.582928251362,150000
2026-01-16 11:35:00,005930,22276.582928251362,22303.314827765265,22212.838439625793,22239.525870670597,150000
2026-01-16 11:40:00,005930,22239.525870670597,22282.970712838716,22212.838439625793,22256.26319700231,150000
2026-01-16 11:45:00,005930,22256.26319700231,22338.678139620813,22229.555681165908,22311.903854994816,800000
2026-01-16 11:50:00,005930,22311.903854994816,22338.678139620813,22277.98700712699,22304.752710379445,150000
2026-01-16 11:55:00,005930,22304.752710379445,22384.91054024853,22277.98700712699,22358.080843236643,150000
2026-01-16 12:00:00,005930,22358.080843236643,22457.870475915966,22331.25114622476,22430.953331917663,150000
2026-01-16 12:05:00,005930,22430.953331917663,22460.926812417387,22404.036187919362,22434.006005211133,150000
2026-01-16 12:10:00,005930,22434.006005211133,22513.515559252486,22407.08519800488,22486.53172118706,150000
2026-01-16 12:15:00,005930,22486.53172118706,22526.291643699165,22459.547883121635,22499.292492707915,150000
2026-01-16 12:20:00,005930,22499.292492707915,22548.751842602185,22472.293341716664,22521.72577167617,150000
2026-01-16 12:25:00,005930,22521.72577167617,22548.751842602185,22481.226062769543,22508.235945904627,150000
2026-01-16 12:30:00,005930,22508.235945904627,22535.245829039715,22459.204751654157,22486.188177467116,150000
2026-01-16 12:35:00,005930,22486.188177467116,22519.68895900266,22459.204751654157,22492.69772173657,150000
2026-01-16 12:40:00,005930,22492.69772173657,22555.546672719713,22465.706484470487,22528.512457770386,150000
2026-01-16 12:45:00,005930,22528.512457770386,22611.93553940151,22501.478242821064,22584.83373891481,800000
2026-01-16 12:50:00,005930,22584.83373891481,22611.93553940151,22530.493605489515,22557.562680706364,150000
2026-01-16 12:55:00,005930,22557.562680706364,22619.280352463673,22530.493605489515,22592.16974876515,150000
2026-01-16 13:00:00,005930,22592.16974876515,22651.41548270707,22565.059145066632,22624.266363071383,150000
2026-01-16 13:05:00,005930,22624.266363071383,22669.195460849725,22597.1172434357,22642.025030812747,150000
2026-01-16 13:10:00,005930,22642.025030812747,22669.195460849725,22593.459090571458,22620.603815149636,150000
2026-01-16 13:15:00,005930,22620.603815149636,22680.602551545133,22593.459090571458,22653.418449405843,150000
2026-01-16 13:20:00,005930,22653.418449405843,22700.873693323258,22626.234347266556,22673.66529496929,150000
2026-01-16 13:25:00,005930,22673.66529496929,22700.873693323258,22599.396996041727,22626.548854667326,150000
2026-01-16 13:30:00,005930,22626.548854667326,22653.70071329293,22562.96733504532,22590.075425555988,150000
2026-01-16 13:35:00,005930,22590.075425555988,22655.310104686,22562.96733504532,22628.15631710547,150000
2026-01-16 13:40:00,005930,22628.15631710547,22655.310104686,22590.784479330792,22617.925990519416,150000
2026-01-16 13:45:00,005930,22617.925990519416,22701.68017046231,22590.784479330792,22674.470805495712,800000
2026-01-16 13:50:00,005930,22674.470805495712,22775.93912531328,22647.261440529117,22748.64075640559,150000
2026-01-16 13:55:00,005930,22748.64075640559,22775.93912531328,22696.845431541038,22724.11436878358,150000
2026-01-16 14:00:00,005930,22724.11436878358,22833.074012974663,22696.845431541038,22805.707164377407,150000
2026-01-16 14:05:00,005930,22805.707164377407,22833.074012974663,22768.710676452847,22796.065955599566,150000
2026-01-16 14:10:00,005930,22796.065955599566,22833.993702810603,22768.710676452847,22806.625751908312,150000
2026-01-16 14:15:00,005930,22806.625751908312,22877.54478035659,22779.257801006024,22850.12463079963,150000
2026-01-16 14:20:00,005930,22850.12463079963,22944.66053836376,22822.704481242672,22917.159946428044,150000
2026-01-16 14:25:00,005930,22917.159946428044,22960.176739412145,22889.65935449233,22932.65755035172,150000
2026-01-16 14:30:00,005930,22932.65755035172,22982.218376153913,22905.138361291298,22954.67276883131,150000
2026-01-16 14:35:00,005930,22954.67276883131,22982.218376153913,22908.806549595407,22936.33014577033,150000
2026-01-16 14:40:00,005930,22936.33014577033,23016.677362243776,22908.806549595407,22989.090453699333,150000
2026-01-16 14:45:00,005930,22989.090453699333,23061.447869998115,22961.503545154894,23033.80730123663,150000
2026-01-16 14:50:00,005930,23033.80730123663,23106.801884874665,23006.166732475147,23079.10695652683,150000
2026-01-16 14:55:00,005930,23079.10695652683,23106.801884874665,23009.316114481604,23036.960467042052,150000
2026-01-16 15:00:00,005930,23036.960467042052,23104.073975733598,23009.316114481604,23076.38231695325,150000
2026-01-16 15:05:00,005930,23076.38231695325,23141.026684842636,23048.69065817291,23113.290735959483,150000
2026-01-16 15:10:00,005930,23113.290735959483,23197.31911723792,23085.554787076333,23169.51569839984,150000
2026-01-16 15:15:00,005930,23169.51569839984,23197.31911723792,23069.415619319792,23097.132177933312,150000
2026-01-16 09:00:00,000660,22000.0,22065.039745789738,21973.600000000002,22038.59343366933,150000
2026-01-16 09:05:00,000660,22038.59343366933,22065.039745789738,21994.544477080377,22020.969640649157,150000
2026-01-16 09:10:00,000660,22020.969640649157,22058.67090561834,21994.544477080377,22032.232226946002,150000
2026-01-16 09:15:00,000660,22032.232226946002,22063.901209752057,22005.79354827367,22037.45626223737,150000
2026-01-16 09:20:00,000660,22037.45626223737,22063.901209752057,21977.62665649358,22004.031494286723,150000
2026-01-16 09:25:00,000660,22004.031494286723,22064.297940336397,21977.62665649358,22037.852517315616,150000
2026-01-16 09:30:00,000660,22037.852517315616,22155.282278446448,22011.40709429484,22128.72780508035,150000
2026-01-16 09:35:00,000660,22128.72780508035,22221.813144832846,22102.173331714253,22195.178930116705,150000
2026-01-16 09:40:00,000660,22195.178930116705,22270.699859263008,22168.544715400563,22244.007050802044,150000
2026-01-16 09:45:00,000660,22244.007050802044,22308.43816433036,22217.314242341083,22281.70012418134,150000
2026-01-16 09:50:00,000660,22281.70012418134,22321.602171334613,22254.962084032326,22294.848353310637,150000
2026-01-16 09:55:00,000660,22294.848353310637,22321.602171334613,22259.23363914085,22285.976811314427,150000
2026-01-16 10:00:00,000660,22285.976811314427,22312.71998348801,22257.78292591918,22284.524355145353,150000
2026-01-16 10:05:00,000660,22284.524355145353,22329.712798892426,22257.78292591918,22302.949259780686,150000
2026-01-16 10:10:00,000660,22302.949259780686,22329.712798892426,22251.57782551284,22278.311799672447,150000
2026-01-16 10:15:00,000660,22278.311799672447,22305.045773832055,22219.357922086245,22246.053185909335,150000
2026-01-16 10:20:00,000660,22246.053185909335,22272.74844973243,22173.197903530774,22199.83770878131,150000
2026-01-16 10:25:00,000660,22199.83770878131,22226.47751403185,22154.580253388373,22181.19769061711,150000
2026-01-16 10:30:00,000660,22181.19769061711,22233.644377856555,22154.580253388373,22206.99598267734,150000
2026-01-16 10:35:00,000660,22206.99598267734,22302.29691706643,22180.34758749813,22275.56623758133,150000
2026-01-16 10:40:00,000660,22275.56623758133,22302.29691706643,22226.522257079312,22253.22612843343,150000
2026-01-16 10:45:00,000660,22253.22612843343,22279.929999787553,22182.40958168085,22209.06045422592,150000
2026-01-16 10:50:00,000660,22209.06045422592,22246.757842911284,22182.40958168085,22220.09373043476,150000
2026-01-16 10:55:00,000660,22220.09373043476,22257.24357235426,22193.429617958238,22230.566892083756,150000
2026-01-16 11:00:00,000660,22230.566892083756,22315.777394600835,22203.890211813257,22289.030557931314,150000
2026-01-16 11:05:00,000660,22289.030557931314,22317.568095940387,22262.283721261796,22290.819113004778,150000
2026-01-16 11:10:00,000660,22290.819113004778,22365.86338649375,22264.070130069173,22339.056518671343,150000
2026-01-16 11:15:00,000660,22339.056518671343,22404.26132786793,22312.24965084894,22377.408437742637,150000
2026-01-16 11:20:00,000660,22377.408437742637,22437.04856423393,22350.555547617347,22410.15637658203,150000
2026-01-16 11:25:00,000660,22410.15637658203,22459.4053212354,22383.26418893013,22432.486337630242,150000
2026-01-16 11:30:00,000660,22432.486337630242,22513.98221084418,22405.567354025086,22486.997813468017,150000
2026-01-16 11:35:00,000660,22486.997813468017,22513.98221084418,22444.215161167544,22471.180577860978,150000
2026-01-16 11:40:00,000660,22471.180577860978,22559.834450804712,22444.215161167544,22532.795096688682,150000
2026-01-16 11:45:00,000660,22532.795096688682,22616.23403693172,22505.755742572655,22589.1270844304,800000
2026-01-16 11:50:00,000660,22589.1270844304,22629.22651643942,22562.020131929086,22602.103991649437,150000
2026-01-16 11:55:00,000660,22602.103991649437,22637.950128194883,22574.98146685946,22610.81714761774,150000
2026-01-16 12:00:00,000660,22610.81714761774,22637.950128194883,22562.756534019954,22589.864371265474,150000
2026-01-16 12:05:00,000660,22589.864371265474,22639.755767392762,22562.756534019954,22612.620622645587,150000
2026-01-16 12:10:00,000660,22612.620622645587,22639.755767392762,22541.468207748097,22568.55046831007,150000
2026-01-16 12:15:00,000660,22568.55046831007,22595.632728872042,22530.466197089616,22557.535239376866,150000
2026-01-16 12:20:00,000660,22557.535239376866,22584.60428166412,22506.97883537694,22534.0196589677,150000
2026-01-16 12:25:00,000660,22534.0196589677,22583.48023075319,22506.97883537694,22556.412535710337,150000
2026-01-16 12:30:00,000660,22556.412535710337,22617.96938669558,22529.344840667483,22590.86035427045,150000
2026-01-16 12:35:00,000660,22590.86035427045,22617.96938669558,22539.11267852527,22566.192109056137,150000
2026-01-16 12:40:00,000660,22566.192109056137,22687.92952072828,22539.11267852527,22660.736636764163,150000
2026-01-16 12:45:00,000660,22660.736636764163,22744.649344530102,22633.543752800048,22717.38847835607,800000
2026-01-16 12:50:00,000660,22717.38847835607,22757.904772348233,22690.127612182045,22730.628018725758,150000
2026-01-16 12:55:00,000660,22730.628018725758,22757.904772348233,22692.868246405003,22720.13240529135,150000
2026-01-16 13:00:00,000660,22720.13240529135,22778.07428491336,22692.868246405003,22750.773356885096,150000
2026-01-16 13:05:00,000660,22750.773356885096,22802.83338161019,22723.472428856836,22775.50277827626,150000
2026-01-16 13:10:00,000660,22775.50277827626,22804.30114822795,22748.172174942327,22776.968785685127,150000
2026-01-16 13:15:00,000660,22776.968785685127,22804.30114822795,22705.499244555074,22732.778578849695,150000
2026-01-16 13:20:00,000660,22732.778578849695,22760.057913144316,22701.356908588965,22728.631266108296,150000
2026-01-16 13:25:00,000660,22728.631266108296,22777.455512060955,22701.356908588965,22750.155325670148,150000
2026-01-16 13:30:00,000660,22750.155325670148,22777.455512060955,22719.85121591417,22747.147793266086,150000
2026-01-16 13:35:00,000660,22747.147793266086,22779.782223560796,22719.85121591417,22752.479248462638,150000
2026-01-16 13:40:00,000660,22752.479248462638,22779.782223560796,22647.764099029886,22674.97406791138,150000
2026-01-16 13:45:00,000660,22674.97406791138,22758.939496884854,22647.764099029886,22731.661503081155,800000
2026-01-16 13:50:00,000660,22731.661503081155,22804.8702024426,22704.383509277457,22777.537157853174,150000
2026-01-16 13:55:00,000660,22777.537157853174,22804.8702024426,22723.56297507058,22750.86401188484,150000
2026-01-16 14:00:00,000660,22750.86401188484,22778.165048699106,22708.080968746137,22735.363404831936,150000
2026-01-16 14:05:00,000660,22735.363404831936,22778.42903269764,22708.080968746137,22751.12767948226,150000
2026-01-16 14:10:00,000660,22751.12767948226,22778.42903269764,22704.06442110085,22731.342031538697,150000
2026-01-16 14:15:00,000660,22731.342031538697,22792.409671331534,22704.06442110085,22765.091561457783,150000
2026-01-16 14:20:00,000660,22765.091561457783,22839.64095075603,22737.773451584035,22812.266231278496,150000
2026-01-16 14:25:00,000660,22812.266231278496,22856.08259999133,22784.89151180096,22828.68817418231,150000
2026-01-16 14:30:00,000660,22828.68817418231,22879.54904488648,22801.29374837329,22852.126493094765,150000
2026-01-16 14:35:00,000660,22852.126493094765,22918.239025637056,22824.70394130305,22890.770101515234,150000
2026-01-16 14:40:00,000660,22890.770101515234,22935.24653475098,22863.301177393416,22907.75722607968,150000
2026-01-16 14:45:00,000660,22907.75722607968,22935.24653475098,22844.57921386176,22872.025644635323,150000
2026-01-16 14:50:00,000660,22872.025644635323,22923.118480510042,22844.57921386176,22895.64370806037,150000
2026-01-16 14:55:00,000660,22895.64370806037,22923.118480510042,22837.038256779957,22864.475627532996,150000
2026-01-16 15:00:00,000660,22864.475627532996,22891.91299828604,22832.387409109844,22859.81919214041,150000
2026-01-16 15:05:00,000660,22859.81919214041,22923.975780175715,22832.387409109844,22896.499980199475,150000
2026-01-16 15:10:00,000660,22896.499980199475,22977.155623453124,22869.024180223234,22949.616084152138,150000
2026-01-16 15:15:00,000660,22949.616084152138,23025.553598967163,22922.076544851156,22997.956051705114,150000
2026-01-16 09:00:00,035420,22000.0,22039.686394502532,21973.600000000002,22013.270469938605,150000
2026-01-16 09:05:00,035420,22013.270469938605,22041.432903042205,21986.854545374677,22015.014885179986,150000
2026-01-16 09:10:00,035420,22015.014885179986,22048.731712093842,21988.59686731777,22022.30494615845,150000
2026-01-16 09:15:00,035420,22022.30494615845,22067.735239810438,21995.87818022306,22041.285696974068,150000
2026-01-16 09:20:00,035420,22041.285696974068,22118.504964454813,22014.836154137698,22091.994570969648,150000
2026-01-16 09:25:00,035420,22091.994570969648,22147.36191562558,22065.484177484486,22120.816935303214,150000
2026-01-16 09:30:00,035420,22120.816935303214,22185.431359999016,22094.27195498085,22158.840751097698,150000
2026-01-16 09:35:00,035420,22158.840751097698,22212.382038519787,22132.250142196383,22185.759127566704,150000
2026-01-16 09:40:00,035420,22185.759127566704,22236.823493986463,22159.136216613624,22210.17128844033,150000
2026-01-16 09:45:00,035420,22210.17128844033,22236.823493986463,22173.93901154397,22200.579707192603,150000
2026-01-16 09:50:00,035420,22200.579707192603,22268.68980003529,22173.93901154397,22241.999400754383,150000
2026-01-16 09:55:00,035420,22241.999400754383,22268.68980003529,22212.762341265447,22239.449680882506,150000
2026-01-16 10:00:00,035420,22239.449680882506,22282.483642357558,22212.762341265447,22255.77671030519,150000
2026-01-16 10:05:00,035420,22255.77671030519,22282.483642357558,22227.35906908547,22254.063945820453,150000
2026-01-16 10:10:00,035420,22254.063945820453,22280.76882255544,22162.407320813327,22189.034161807496,150000
2026-01-16 10:15:00,035420,22189.034161807496,22222.556141636363,22162.407320813327,22195.92103639269,150000
2026-01-16 10:20:00,035420,22195.92103639269,22251.8910973238,22169.28593114902,22225.22083232501,150000
2026-01-16 10:25:00,035420,22225.22083232501,22251.8910973238,22160.267493132604,22186.891763248503,150000
2026-01-16 10:30:00,035420,22186.891763248503,22249.654210586992,22160.267493132604,22222.98662663503,150000
2026-01-16 10:35:00,035420,22222.98662663503,22317.207397272694,22196.319042683066,22290.458846656704,150000
2026-01-16 10:40:00,035420,22290.458846656704,22337.088464729248,22263.710296040717,22310.316085426733,150000
2026-01-16 10:45:00,035420,22310.316085426733,22409.002458631552,22283.543706124223,22382.143885968388,150000
2026-01-16 10:50:00,035420,22382.143885968388,22481.05811690717,22355.285313305227,22454.11318108986,150000
2026-01-16 10:55:00,035420,22454.11318108986,22481.05811690717,22424.161331974185,22451.102655160375,150000
2026-01-16 11:00:00,035420,22451.102655160375,22478.04397834657,22398.20010606081,22425.110238346824,150000
2026-01-16 11:05:00,035420,22425.110238346824,22452.020370632843,22378.973293519237,22405.86032591033,150000
2026-01-16 11:10:00,035420,22405.86032591033,22459.086767329976,22378.973293519237,22432.168165531337,150000
2026-01-16 11:15:00,035420,22432.168165531337,22459.086767329976,22349.666330727643,22376.518152510656,150000
2026-01-16 11:20:00,035420,22376.518152510656,22433.06476580912,22349.666330727643,22406.177352985535,150000
2026-01-16 11:25:00,035420,22406.177352985535,22470.7073094271,22379.28994016195,22443.774779691466,150000
2026-01-16 11:30:00,035420,22443.774779691466,22470.7073094271,22351.47110588869,22378.325096003893,150000
2026-01-16 11:35:00,035420,22378.325096003893,22405.1790861191,22323.828877766187,22350.649657355014,150000
2026-01-16 11:40:00,035420,22350.649657355014,22418.913647181085,22323.828877766187,22392.04319534667,150000
2026-01-16 11:45:00,035420,22392.04319534667,22474.96093129904,22365.172743512252,22448.023303335034,800000
2026-01-16 11:50:00,035420,22448.023303335034,22474.96093129904,22378.130794909124,22405.016815087227,150000
2026-01-16 11:55:00,035420,22405.016815087227,22431.902835265333,22373.52899661257,22400.409487998168,150000
2026-01-16 12:00:00,035420,22400.409487998168,22453.752612979722,22373.52899661257,22426.840404494327,150000
2026-01-16 12:05:00,035420,22426.840404494327,22464.71824309151,22399.928196008936,22437.79289162156,150000
2026-01-16 12:10:00,035420,22437.79289162156,22464.71824309151,22393.997716601534,22420.90279996149,150000
2026-01-16 12:15:00,035420,22420.90279996149,22447.807883321442,22362.97202091588,22389.839828710334,150000
2026-01-16 12:20:00,035420,22389.839828710334,22445.933215406294,22362.97202091588,22419.03037895155,150000
2026-01-16 12:25:00,035420,22419.03037895155,22445.933215406294,22385.089657233315,22411.98403807901,150000
2026-01-16 12:30:00,035420,22411.98403807901,22452.626994885388,22385.089657233315,22425.716135522758,150000
2026-01-16 12:35:00,035420,22425.716135522758,22480.543584680607,22398.805276160132,22453.59926556193,150000
2026-01-16 12:40:00,035420,22453.59926556193,22519.336310859955,22426.654946443257,22492.345496264435,150000
2026-01-16 12:45:00,035420,22492.345496264435,22575.634651637105,22465.35468166892,22548.576360005096,800000
2026-01-16 12:50:00,035420,22548.576360005096,22620.5352818719,22521.51806837309,22593.423174063024,150000
2026-01-16 12:55:00,035420,22593.423174063024,22673.939567433525,22566.311066254148,22646.763451291972,150000
2026-01-16 13:00:00,035420,22646.763451291972,22673.939567433525,22615.891871079806,22643.06354733661,150000
2026-01-16 13:05:00,035420,22643.06354733661,22713.794974769095,22615.891871079806,22686.571089461737,150000
2026-01-16 13:10:00,035420,22686.571089461737,22713.794974769095,22642.34712883703,22669.550589544484,150000
2026-01-16 13:15:00,035420,22669.550589544484,22718.240505940114,22642.34712883703,22691.011292389245,150000
2026-01-16 13:20:00,035420,22691.011292389245,22738.727945568768,22663.78207883838,22711.474176556898,150000
2026-01-16 13:25:00,035420,22711.474176556898,22770.47525274295,22684.22040754503,22743.1834326238,150000
2026-01-16 13:30:00,035420,22743.1834326238,22770.47525274295,22665.624545457158,22692.855972624307,150000
2026-01-16 13:35:00,035420,22692.855972624307,22733.999014808505,22665.624545457158,22706.75091371205,150000
2026-01-16 13:40:00,035420,22706.75091371205,22733.999014808505,22658.461444733326,22685.68426585235,150000
2026-01-16 13:45:00,035420,22685.68426585235,22769.6893546888,22658.461444733326,22742.398476516977,800000
2026-01-16 13:50:00,035420,22742.398476516977,22769.6893546888,22663.89384053327,22691.1231883593,150000
2026-01-16 13:55:00,035420,22691.1231883593,22726.448943209733,22663.89384053327,22699.209891340124,150000
2026-01-16 14:00:00,035420,22699.209891340124,22726.448943209733,22630.631021907342,22657.820406395014,150000
2026-01-16 14:05:00,035420,22657.820406395014,22718.471025470335,22630.631021907342,22691.24153562758,150000
2026-01-16 14:10:00,035420,22691.24153562758,22718.471025470335,22663.839990365534,22691.069273493726,150000
2026-01-16 14:15:00,035420,22691.069273493726,22728.91843866437,22663.839990365534,22701.676426952024,150000
2026-01-16 14:20:00,035420,22701.676426952024,22739.405793624872,22674.434415239684,22712.151212170265,150000
2026-01-16 14:25:00,035420,22712.151212170265,22739.405793624872,22648.58143910357,22675.792389971535,150000
2026-01-16 14:30:00,035420,22675.792389971535,22741.20027703546,22648.58143910357,22713.94354478172,150000
2026-01-16 14:35:00,035420,22713.94354478172,22741.20027703546,22659.982657783097,22687.207306550958,150000
2026-01-16 14:40:00,035420,22687.207306550958,22714.43195531882,22641.170075145845,22668.372121691875,150000
2026-01-16 14:45:00,035420,22668.372121691875,22710.00640781905,22641.170075145845,22682.78706334304,150000
2026-01-16 14:50:00,035420,22682.78706334304,22726.97021937029,22655.567718867027,22699.730542719026,150000
2026-01-16 14:55:00,035420,22699.730542719026,22726.97021937029,22629.13532880039,22656.32291629995,150000
2026-01-16 15:00:00,035420,22656.32291629995,22720.03814892287,22629.13532880039,22692.806780785926,150000
2026-01-16 15:05:00,035420,22692.806780785926,22742.636007050176,22665.575412648985,22715.377553985392,150000
2026-01-16 15:10:00,035420,22715.377553985392,22760.31331799612,22688.11910092061,22733.03367758302,150000
2026-01-16 15:15:00,035420,22733.03367758302,22760.31331799612,22664.390884910306,22691.620829906195,150000
2026-01-19 09:00:00,005930,22000.0,22042.59774220365,21973.600000000002,22016.178328209793,150000
2026-01-19 09:05:00,005930,22016.178328209793,22073.338880186846,21989.75891421594,22046.882621041594,150000
2026-01-19 09:10:00,005930,22046.882621041594,22073.338880186846,21999.00654899262,22025.437073480796,150000
2026-01-19 09:15:00,005930,22025.437073480796,22070.882718360528,21999.00654899262,22044.429403076832,150000
2026-01-19 09:20:00,005930,22044.429403076832,22164.270780757357,22017.97608779314,22137.705534116416,150000
2026-01-19 09:25:00,005930,22137.705534116416,22164.270780757357,22091.095333962076,22117.636497759388,150000
2026-01-19 09:30:00,005930,22117.636497759388,22201.864103716285,22091.095333962076,22175.253799157294,150000
2026-01-19 09:35:00,005930,22175.253799157294,22201.864103716285,22144.367714038002,22170.972881495796,150000
2026-01-19 09:40:00,005930,22170.972881495796,22218.06565422748,22144.367714038002,22191.435931110147,150000
2026-01-19 09:45:00,005930,22191.435931110147,22254.618025858275,22164.806207992817,22227.94449246731,150000
2026-01-19 09:50:00,005930,22227.94449246731,22321.85003860834,22201.27095907635,22295.09592350014,150000
2026-01-19 09:55:00,005930,22295.09592350014,22321.85003860834,22260.52920583202,22287.273934553483,150000
2026-01-19 10:00:00,005930,22287.273934553483,22336.1877983814,22260.52920583202,22309.416498583098,150000
2026-01-19 10:05:00,005930,22309.416498583098,22363.790671295068,22282.645198784798,22336.986287749765,150000
2026-01-19 10:10:00,005930,22336.986287749765,22376.321652743423,22310.181904204466,22349.50225004337,150000
2026-01-19 10:15:00,005930,22349.50225004337,22376.321652743423,22292.967991199155,22319.751693231032,150000
2026-01-19 10:20:00,005930,22319.751693231032,22346.535395262912,22238.18277702688,22264.90065781626,150000
2026-01-19 10:25:00,005930,22264.90065781626,22291.61853860564,22182.962872800006,22209.614410092116,150000
2026-01-19 10:30:00,005930,22209.614410092116,22291.06417920062,22182.962872800006,22264.346962845204,150000
2026-01-19 10:35:00,005930,22264.346962845204,22291.06417920062,22226.004371558323,22252.707620703168,150000
2026-01-19 10:40:00,005930,22252.707620703168,22286.729735432393,22226.004371558323,22260.01771417538,150000
2026-01-19 10:45:00,005930,22260.01771417538,22286.729735432393,22189.466620438594,22216.12597160452,150000
2026-01-19 10:50:00,005930,22216.12597160452,22284.029993030388,22189.466620438594,22257.321207581288,150000
2026-01-19 10:55:00,005930,22257.321207581288,22392.751066078657,22230.61242213219,22365.9119717126,150000
2026-01-19 11:00:00,005930,22365.9119717126,22402.58066551607,22339.072877346545,22375.729789768346,150000
2026-01-19 11:05:00,005930,22375.729789768346,22417.729023263786,22348.878914020625,22390.859991274254,150000
2026-01-19 11:10:00,005930,22390.859991274254,22417.729023263786,22344.468327759092,22371.313904444425,150000
2026-01-19 11:15:00,005930,22371.313904444425,22419.460640076573,22344.468327759092,22392.589532637405,150000
2026-01-19 11:20:00,005930,22392.589532637405,22451.331258871887,22365.71842519824,22424.42195252885,150000
2026-01-19 11:25:00,005930,22424.42195252885,22483.675889137132,22397.512646185816,22456.72781575822,150000
2026-01-19 11:30:00,005930,22456.72781575822,22483.675889137132,22407.413974792333,22434.335177004737,150000
2026-01-19 11:35:00,005930,22434.335177004737,22473.56884646349,22407.413974792333,22446.63288699909,150000
2026-01-19 11:40:00,005930,22446.63288699909,22473.56884646349,22398.315382357698,22425.225653141468,150000
2026-01-19 11:45:00,005930,22425.225653141468,22508.26626373505,22398.315382357698,22481.28871727432,800000
2026-01-19 11:50:00,005930,22481.28871727432,22546.18757051509,22454.31117081359,22519.164573027454,150000
2026-01-19 11:55:00,005930,22519.164573027454,22546.18757051509,22485.852533305908,22512.867974875757,150000
2026-01-19 12:00:00,005930,22512.867974875757,22544.701169361957,22485.852533305908,22517.679953417854,150000
2026-01-19 12:05:00,005930,22517.679953417854,22575.40371571185,22490.658737473754,22548.345700870803,150000
2026-01-19 12:10:00,005930,22548.345700870803,22575.40371571185,22515.15081467014,22542.201456417843,150000
2026-01-19 12:15:00,005930,22542.201456417843,22595.683441561283,22515.15081467014,22568.60112021702,150000
2026-01-19 12:20:00,005930,22568.60112021702,22595.683441561283,22522.175959216773,22549.235041266293,150000
2026-01-19 12:25:00,005930,22549.235041266293,22576.294123315813,22473.22147026128,22500.221736344894,150000
2026-01-19 12:30:00,005930,22500.221736344894,22538.771232551153,22473.22147026128,22511.75712400235,150000
2026-01-19 12:35:00,005930,22511.75712400235,22541.025968843845,22484.743015453547,22514.00915785442,150000
2026-01-19 12:40:00,005930,22514.00915785442,22585.69240705408,22486.992346864994,22558.62206058138,150000
2026-01-19 12:45:00,005930,22558.62206058138,22642.156638071712,22531.551714108682,22615.01861573283,800000
2026-01-19 12:50:00,005930,22615.01861573283,22746.2421513945,22587.88059339395,22718.97937614313,150000
2026-01-19 12:55:00,005930,22718.97937614313,22787.19342583597,22691.716600891756,22759.88156795442,150000
2026-01-19 13:00:00,005930,22759.88156795442,22787.19342583597,22720.363504877492,22747.66069771475,150000
2026-01-19 13:05:00,005930,22747.66069771475,22774.95789055201,22705.596518900333,22732.875970064408,150000
2026-01-19 13:10:00,005930,22732.875970064408,22760.155421228486,22646.76317943293,22673.97194576785,150000
2026-01-19 13:15:00,005930,22673.97194576785,22729.277387438546,22646.76317943293,22702.03494550394,150000
2026-01-19 13:20:00,005930,22702.03494550394,22729.277387438546,22669.973575921686,22697.21022819552,150000
2026-01-19 13:25:00,005930,22697.21022819552,22738.85839839427,22669.973575921686,22711.604473026637,150000
2026-01-19 13:30:00,005930,22711.604473026637,22768.345000712874,22684.350547659003,22741.055733832272,150000
2026-01-19 13:35:00,005930,22741.055733832272,22768.345000712874,22701.462461444313,22728.73694577925,150000
2026-01-19 13:40:00,005930,22728.73694577925,22756.011430114184,22691.88956172564,22719.152544779372,150000
2026-01-19 13:45:00,005930,22719.152544779372,22803.28156665269,22691.88956172564,22775.95042614132,800000
2026-01-19 13:50:00,005930,22775.95042614132,22834.25433627094,22748.61928562995,22806.886072983358,150000
2026-01-19 13:55:00,005930,22806.886072983358,22854.560410401074,22779.51780969578,22827.167809030238,150000
2026-01-19 14:00:00,005930,22827.167809030238,22855.255406254542,22799.7752076594,22827.861971888273,150000
2026-01-19 14:05:00,005930,22827.861971888273,22859.33483632051,22800.468537522007,22831.9365125055,150000
2026-01-19 14:10:00,005930,22831.9365125055,22900.61573332558,22804.538188690494,22873.16793180741,150000
2026-01-19 14:15:00,005930,22873.16793180741,22915.151320143883,22845.720130289243,22887.68609682769,150000
2026-01-19 14:20:00,005930,22887.68609682769,22915.151320143883,22851.173145938796,22878.62749893752,150000
2026-01-19 14:25:00,005930,22878.62749893752,22906.081851936247,22796.612107401514,22824.000908491704,150000
2026-01-19 14:30:00,005930,22824.000908491704,22876.20194403488,22796.612107401514,22848.78340395014,150000
2026-01-19 14:35:00,005930,22848.78340395014,22888.76456781584,22821.3648638654,22861.33097065106,150000
2026-01-19 14:40:00,005930,22861.33097065106,22888.76456781584,22781.592776933277,22808.963533173086,150000
2026-01-19 14:45:00,005930,22808.963533173086,22891.840125946248,22781.592776933277,22864.402842535204,150000
2026-01-19 14:50:00,005930,22864.402842535204,22927.557576624615,22836.965559124164,22900.07748364424,150000
2026-01-19 14:55:00,005930,22900.07748364424,22950.141600107574,22872.59739066387,22922.634438781035,150000
2026-01-19 15:00:00,005930,22922.634438781035,22950.141600107574,22880.809554597687,22908.299514014503,150000
2026-01-19 15:05:00,005930,22908.299514014503,22948.388380530778,22880.809554597687,22920.88332054612,150000
2026-01-19 15:10:00,005930,22920.88332054612,23003.955182631205,22893.378260561465,22976.383522404318,150000
2026-01-19 15:15:00,005930,22976.383522404318,23024.6230411405,22948.811862177434,22997.026609209446,150000
2026-01-19 09:00:00,000660,22000.0,22054.705570422997,21973.600000000002,22028.271644449655,150000
2026-01-19 09:05:00,000660,22028.271644449655,22074.288540743193,22001.837718476316,22047.831143371146,150000
2026-01-19 09:10:00,000660,22047.831143371146,22145.251503851803,22021.373745999103,22118.709052988215,150000
2026-01-19 09:15:00,000660,22118.709052988215,22145.251503851803,22013.359429202257,22039.807197839666,150000
2026-01-19 09:20:00,000660,22039.807197839666,22121.84696477618,22013.359429202257,22095.332565697343,150000
2026-01-19 09:25:00,000660,22095.332565697343,22121.84696477618,22049.42988357985,22075.92098876637,150000
2026-01-19 09:30:00,000660,22075.92098876637,22113.175643832437,22049.42988357985,22086.671637866995,150000
2026-01-19 09:35:00,000660,22086.671637866995,22113.175643832437,22043.3719760836,22069.855803047256,150000
2026-01-19 09:40:00,000660,22069.855803047256,22096.339630010916,21983.977337551514,22010.389805317896,150000
2026-01-19 09:45:00,000660,22010.389805317896,22091.99937246479,21983.977337551514,22065.520747567705,150000
2026-01-19 09:50:00,000660,22065.520747567705,22091.99937246479,21969.91087664134,21996.30644437459,150000
2026-01-19 09:55:00,000660,21996.30644437459,22027.63957820825,21969.91087664134,22001.238092497253,150000
2026-01-19 10:00:00,000660,22001.238092497253,22027.63957820825,21931.115947220078,21957.464905106204,150000
2026-01-19 10:05:00,000660,21957.464905106204,21993.605326613597,21931.115947220078,21967.24463305393,150000
2026-01-19 10:10:00,000660,21967.24463305393,22002.367631267654,21940.883939494266,21975.996435545,150000
2026-01-19 10:15:00,000660,21975.996435545,22075.944496864784,21949.625239822344,22049.48511472711,150000
2026-01-19 10:20:00,000660,22049.48511472711,22075.944496864784,22011.046525593025,22037.49151541152,150000
2026-01-19 10:25:00,000660,22037.49151541152,22064.448641013612,22011.046525593025,22038.00303736877,150000
2026-01-19 10:30:00,000660,22038.00303736877,22087.303433788526,22011.557433723927,22060.83043726381,150000
2026-01-19 10:35:00,000660,22060.83043726381,22087.303433788526,21993.447260563924,22019.871105890994,150000
2026-01-19 10:40:00,000660,22019.871105890994,22046.294951218064,21966.338898403814,21992.73017461335,150000
2026-01-19 10:45:00,000660,21992.73017461335,22019.121450822888,21962.37746773373,21988.76398451515,150000
2026-01-19 10:50:00,000660,21988.76398451515,22088.866939066447,21962.37746773373,22062.392068584144,150000
2026-01-19 10:55:00,000660,22062.392068584144,22088.866939066447,22028.341902438682,22054.807671644656,150000
2026-01-19 11:00:00,000660,22054.807671644656,22084.099453367715,22028.341902438682,22057.6302970113,150000
2026-01-19 11:05:00,000660,22057.6302970113,22084.099453367715,21989.844087116766,22016.263603440893,150000
2026-01-19 11:10:00,000660,22016.263603440893,22049.108115799132,21989.844087116766,22022.680898720664,150000
2026-01-19 11:15:00,000660,22022.680898720664,22072.219624233847,21996.2536816422,22045.764706585942,150000
2026-01-19 11:20:00,000660,22045.764706585942,22148.48311738381,22019.30978893804,22121.93679323193,150000
2026-01-19 11:25:00,000660,22121.93679323193,22148.48311738381,22012.07759397252,22038.523822559593,150000
2026-01-19 11:30:00,000660,22038.523822559593,22064.970051146665,21988.99337800218,22015.41187224888,150000
2026-01-19 11:35:00,000660,22015.41187224888,22041.83036649558,21932.819035068656,21959.170039115594,150000
2026-01-19 11:40:00,000660,21959.170039115594,21985.521043162535,21858.122191949195,21884.383452091704,150000
2026-01-19 11:45:00,000660,21884.383452091704,21965.421324014802,21858.122191949195,21939.094410721933,800000
2026-01-19 11:50:00,000660,21939.094410721933,22006.860332257467,21912.767497429068,21980.48375175536,150000
2026-01-19 11:55:00,000660,21980.48375175536,22006.860332257467,21937.370989253828,21963.727462208477,150000
2026-01-19 12:00:00,000660,21963.727462208477,21990.08393516313,21866.958896443848,21893.230773371895,150000
2026-01-19 12:05:00,000660,21893.230773371895,21919.502650299943,21851.558633104294,21877.81200751331,150000
2026-01-19 12:10:00,000660,21877.81200751331,21949.198494504348,21851.558633104294,21922.891025274017,150000
2026-01-19 12:15:00,000660,21922.891025274017,21957.349956581216,21896.58355604369,21931.03271732043,150000
2026-01-19 12:20:00,000660,21931.03271732043,21983.429950918024,21904.715478059647,21957.081453174214,150000
2026-01-19 12:25:00,000660,21957.081453174214,21997.331237162234,21930.732955430405,21970.96607786879,150000
2026-01-19 12:30:00,000660,21970.96607786879,22050.83064980428,21944.600918575346,22024.401368162482,150000
2026-01-19 12:35:00,000660,22024.401368162482,22082.414797128124,21997.972086520687,22055.9476599362,150000
2026-01-19 12:40:00,000660,22055.9476599362,22082.414797128124,22013.662797016306,22040.110930132465,150000
2026-01-19 12:45:00,000660,22040.110930132465,22121.725460906746,22013.662797016306,22095.211207457796,800000
2026-01-19 12:50:00,000660,22095.211207457796,22161.658381550304,22068.696954008847,22135.096266031065,150000
2026-01-19 12:55:00,000660,22135.096266031065,22161.658381550304,22063.44562775632,22089.95357204277,150000
2026-01-19 13:00:00,000660,22089.95357204277,22116.461516329222,22041.159166213165,22067.6403346147,150000
2026-01-19 13:05:00,000660,22067.6403346147,22095.282671665984,22041.159166213165,22068.800111532142,150000
2026-01-19 13:10:00,000660,22068.800111532142,22143.701206597765,22042.317551398304,22117.16061386113,150000
2026-01-19 13:15:00,000660,22117.16061386113,22143.701206597765,22081.384120064035,22107.91361640372,150000
2026-01-19 13:20:00,000660,22107.91361640372,22138.383536132496,22081.384120064035,22111.849316952153,150000
2026-01-19 13:25:00,000660,22111.849316952153,22144.08147170605,22085.31509777181,22117.54042319821,150000
2026-01-19 13:30:00,000660,22117.54042319821,22181.827530692553,22090.99937469037,22155.241241203108,150000
2026-01-19 13:35:00,000660,22155.241241203108,22181.827530692553,22106.859229101672,22133.419332300433,150000
2026-01-19 13:40:00,000660,22133.419332300433,22159.979435499194,22104.25626523163,22130.813241120974,150000
2026-01-19 13:45:00,000660,22130.813241120974,22212.763642552844,22104.25626523163,22186.140274223773,800000
2026-01-19 13:50:00,000660,22186.140274223773,22236.557575386847,22159.516905894707,22209.90568856057,150000
2026-01-19 13:55:00,000660,22209.90568856057,22254.24571620727,22183.2538017343,22227.572629052407,150000
2026-01-19 14:00:00,000660,22227.572629052407,22256.408382821297,22200.899541897546,22229.732703577003,150000
2026-01-19 14:05:00,000660,22229.732703577003,22282.129464786718,22203.057024332713,22255.42295723803,150000
2026-01-19 14:10:00,000660,22255.42295723803,22282.129464786718,22207.110027616018,22233.790576307587,150000
2026-01-19 14:15:00,000660,22233.790576307587,22292.505067976643,22207.110027616018,22265.786124627088,150000
2026-01-19 14:20:00,000660,22265.786124627088,22343.98074450552,22239.067181277536,22317.20010438026,150000
2026-01-19 14:25:00,000660,22317.20010438026,22343.98074450552,22283.150647816674,22309.92255488253,150000
2026-01-19 14:30:00,000660,22309.92255488253,22336.69446194839,22266.887282269123,22293.63964984894,150000
2026-01-19 14:35:00,000660,22293.63964984894,22381.99183287653,22266.887282269123,22355.16563411559,150000
2026-01-19 14:40:00,000660,22355.16563411559,22381.99183287653,22302.070824212555,22328.865462767877,150000
2026-01-19 14:45:00,000660,22328.865462767877,22355.6601013232,22251.5805558783,22278.31453331828,150000
2026-01-19 14:50:00,000660,22278.31453331828,22309.746625365624,22251.5805558783,22283.00701694529,150000
2026-01-19 14:55:00,000660,22283.00701694529,22335.821914891378,22256.267408524953,22309.051053627023,150000
2026-01-19 15:00:00,000660,22309.051053627023,22356.26447525865,22282.280192362672,22329.46911232386,150000
2026-01-19 15:05:00,000660,22329.46911232386,22356.26447525865,22301.347281358547,22328.141050619288,150000
2026-01-19 15:10:00,000660,22328.141050619288,22361.566546188344,22301.347281358547,22334.76482839427,150000
2026-01-19 15:15:00,000660,22334.76482839427,22375.53841445037,22307.963110600198,22348.719950509756,150000
2026-01-19 09:00:00,035420,22000.0,22056.509181667167,21973.600000000002,22030.07309395442,150000
2026-01-19 09:05:00,035420,22030.07309395442,22072.572773585427,22003.637006241675,22046.117432666226,150000
2026-01-19 09:10:00,035420,22046.117432666226,22133.601575242858,22019.662091747028,22107.07308753781,150000
2026-01-19 09:15:00,035420,22107.07308753781,22150.79630578564,22080.544599832767,22124.247209134675,150000
2026-01-19 09:20:00,035420,22124.247209134675,22155.267443201472,22097.698112483715,22128.71298761633,150000
2026-01-19 09:25:00,035420,22128.71298761633,22198.165740527,22102.158532031193,22171.559868684577,150000
2026-01-19 09:30:00,035420,22171.559868684577,22198.165740527,22118.053903352593,22144.627456300153,150000
2026-01-19 09:35:00,035420,22144.627456300153,22183.91965048594,22118.053903352593,22157.330853461783,150000
2026-01-19 09:40:00,035420,22157.330853461783,22183.91965048594,22101.332779609973,22127.886243101693,150000
2026-01-19 09:45:00,035420,22127.886243101693,22154.439706593417,22085.274445125404,22111.80861546396,150000
2026-01-19 09:50:00,035420,22111.80861546396,22138.34278580252,22044.937457713408,22071.42316551202,150000
2026-01-19 09:55:00,035420,22071.42316551202,22129.330190056342,22044.937457713408,22102.806821870097,150000
2026-01-19 10:00:00,035420,22102.806821870097,22150.596379277882,22076.283453683853,22124.047522251178,150000
2026-01-19 10:05:00,035420,22124.047522251178,22150.596379277882,22091.95749383252,22118.499693464677,150000
2026-01-19 10:10:00,035420,22118.499693464677,22148.776050973916,22091.95749383252,22122.229375723047,150000
2026-01-19 10:15:00,035420,22122.229375723047,22176.769297298648,22095.68270047218,22150.189070414148,150000
2026-01-19 10:20:00,035420,22150.189070414148,22222.266808170643,22123.60884352965,22195.63204971099,150000
2026-01-19 10:25:00,035420,22195.63204971099,22222.266808170643,22136.432331910208,22163.02796546877,150000
2026-01-19 10:30:00,035420,22163.02796546877,22189.623599027334,22073.573492348587,22100.093604674195,150000
2026-01-19 10:35:00,035420,22100.093604674195,22139.469056536564,22073.573492348587,22112.93353629301,150000
2026-01-19 10:40:00,035420,22112.93353629301,22139.469056536564,22063.40950784847,22089.91740873896,150000
2026-01-19 10:45:00,035420,22089.91740873896,22124.505479534906,22063.40950784847,22097.98789406203,150000
2026-01-19 10:50:00,035420,22097.98789406203,22124.505479534906,22054.422685403817,22080.919789150797,150000
2026-01-19 10:55:00,035420,22080.919789150797,22163.453894516162,22054.422685403817,22136.889626963803,150000
2026-01-19 11:00:00,035420,22136.889626963803,22163.453894516162,22056.962681478384,22083.46283688264,150000
2026-01-19 11:05:00,035420,22083.46283688264,22112.136651602566,22056.962681478384,22085.633890933444,150000
2026-01-19 11:10:00,035420,22085.633890933444,22124.801171727468,22059.131130264326,22098.283231849247,150000
2026-01-19 11:15:00,035420,22098.283231849247,22124.801171727468,22061.696944446565,22088.202787791914,150000
2026-01-19 11:20:00,035420,22088.202787791914,22114.708631137266,22059.73027460144,22086.23375510757,150000
2026-01-19 11:25:00,035420,22086.23375510757,22156.78235197066,22059.73027460144,22130.226080673852,150000
2026-01-19 11:30:00,035420,22130.226080673852,22192.360729197637,22103.669809377043,22165.76181501961,150000
2026-01-19 11:35:00,035420,22165.76181501961,22201.148761900735,22139.162900841588,22174.539314723064,150000
2026-01-19 11:40:00,035420,22174.539314723064,22238.372564974616,22147.929867545397,22211.718502771288,150000
2026-01-19 11:45:00,035420,22211.718502771288,22293.96849638705,22185.064440567963,22267.247799028213,800000
2026-01-19 11:50:00,035420,22267.247799028213,22303.956965207773,22240.52710166938,22277.224296052507,150000
2026-01-19 11:55:00,035420,22277.224296052507,22324.959590873077,22250.491626897245,22298.201748774547,150000
2026-01-19 12:00:00,035420,22298.201748774547,22324.959590873077,22243.314050328554,22270.038096043805,150000
2026-01-19 12:05:00,035420,22270.038096043805,22296.76214175906,22219.295861637704,22245.99105089878,150000
2026-01-19 12:10:00,035420,22245.99105089878,22281.488739207536,22219.295861637704,22254.782999608004,150000
2026-01-19 12:15:00,035420,22254.782999608004,22303.30176844188,22228.077260008475,22276.56988458038,150000
2026-01-19 12:20:00,035420,22276.56988458038,22317.38422252559,22249.838000718886,22290.63545997362,150000
2026-01-19 12:25:00,035420,22290.63545997362,22341.884918689884,22263.88669742165,22315.10679054123,150000
2026-01-19 12:30:00,035420,22315.10679054123,22366.061468558266,22288.32866239258,22339.254363322278,150000
2026-01-19 12:35:00,035420,22339.254363322278,22384.26659683537,22312.447258086293,22357.43767162941,150000
2026-01-19 12:40:00,035420,22357.43767162941,22391.132266230226,22330.608746423455,22364.295112095708,150000
2026-01-19 12:45:00,035420,22364.295112095708,22447.1100968958,22337.457957961193,22420.205849875947,800000
2026-01-19 12:50:00,035420,22420.205849875947,22447.1100968958,22384.81305544433,22411.707103969093,150000
2026-01-19 12:55:00,035420,22411.707103969093,22450.299413889075,22384.81305544433,22423.391344275944,150000
2026-01-19 13:00:00,035420,22423.391344275944,22462.563051940375,22396.483274662813,22435.640283600052,150000
2026-01-19 13:05:00,035420,22435.640283600052,22462.563051940375,22403.16193667195,22430.07803030832,150000
2026-01-19 13:10:00,035420,22430.07803030832,22456.994123944693,22370.431120832636,22397.307890300995,150000
2026-01-19 13:15:00,035420,22397.307890300995,22424.18465976936,22348.291015147275,22375.141184568758,150000
2026-01-19 13:20:00,035420,22375.141184568758,22401.99135399024,22335.2270517382,22362.06152556888,150000
2026-01-19 13:25:00,035420,22362.06152556888,22388.895999399563,22334.795588747602,22361.62954420064,150000
2026-01-19 13:30:00,035420,22361.62954420064,22388.463499653684,22326.187059526528,22353.010672333327,150000
2026-01-19 13:35:00,035420,22353.010672333327,22401.96548086263,22326.187059526528,22375.115342451685,150000
2026-01-19 13:40:00,035420,22375.115342451685,22407.04705409061,22348.265204040745,22380.190825100486,150000
2026-01-19 13:45:00,035420,22380.190825100486,22463.064671725835,22353.334596110366,22436.141302163236,800000
2026-01-19 13:50:00,035420,22436.141302163236,22465.29798975804,22409.21793260064,22438.37194342593,150000
2026-01-19 13:55:00,035420,22438.37194342593,22483.05310655652,22411.445897093818,22456.10577962097,150000
2026-01-19 14:00:00,035420,22456.10577962097,22492.837139786963,22429.158452685428,22465.87808608366,150000
2026-01-19 14:05:00,035420,22465.87808608366,22524.72354090558,22438.91903238036,22497.726269382318,150000
2026-01-19 14:10:00,035420,22497.726269382318,22555.88356616842,22470.72899785906,22528.8489474315,150000
2026-01-19 14:15:00,035420,22528.8489474315,22601.70183909476,22501.81432869458,22574.612304329563,150000
2026-01-19 14:20:00,035420,22574.612304329563,22601.70183909476,22515.229700819422,22542.280437344234,150000
2026-01-19 14:25:00,035420,22542.280437344234,22645.216571271503,22515.229700819422,22618.074881413806,150000
2026-01-19 14:30:00,035420,22618.074881413806,22645.216571271503,22562.857737139682,22589.96569597485,150000
2026-01-19 14:35:00,035420,22589.96569597485,22649.145593462956,22562.857737139682,22621.999194429638,150000
2026-01-19 14:40:00,035420,22621.999194429638,22649.145593462956,22567.373429715317,22594.48681389199,150000
2026-01-19 14:45:00,035420,22594.48681389199,22667.2696511637,22567.373429715317,22640.101529328505,150000
2026-01-19 14:50:00,035420,22640.101529328505,22763.519021560933,22612.93340749331,22736.235538914232,150000
2026-01-19 14:55:00,035420,22736.235538914232,22793.151795981135,22708.952056267535,22765.83279662518,150000
2026-01-19 15:00:00,035420,22765.83279662518,22886.60441580386,22738.513797269232,22859.1734077146,150000
2026-01-19 15:05:00,035420,22859.1734077146,22886.60441580386,22799.10918341814,22826.500984599657,150000
2026-01-19 15:10:00,035420,22826.500984599657,22853.89278578118,22762.20731456431,22789.55478030067,150000
2026-01-19 15:15:00,035420,22789.55478030067,22883.567010896422,22762.20731456431,22856.13964332443,150000
2026-01-20 09:00:00,005930,22000.0,22051.20626237518,21973.600000000002,22024.776530538533,150000
2026-01-20 09:05:00,005930,22024.776530538533,22051.20626237518,21947.46898305794,21973.837588163737,150000
2026-01-20 09:10:00,005930,21973.837588163737,22000.206193269536,21930.373877357848,21956.721943690274,150000
2026-01-20 09:15:00,005930,21956.721943690274,21983.070010022704,21929.45785021032,21955.804815989508,150000
2026-01-20 09:20:00,005930,21955.804815989508,21982.151781768698,21920.7789158802,21947.11545442551,150000
2026-01-20 09:25:00,005930,21947.11545442551,22035.24289102863,21920.7789158802,22008.832292277893,150000
2026-01-20 09:30:00,005930,22008.832292277893,22059.97179473992,21982.42169352716,22033.531556871672,150000
2026-01-20 09:35:00,005930,22033.531556871672,22063.713183605843,22007.091319003426,22037.2684614521,150000
2026-01-20 09:40:00,005930,22037.2684614521,22092.061273223582,22010.823739298357,22065.58257413462,150000
2026-01-20 09:45:00,005930,22065.58257413462,22092.061273223582,22037.497704772217,22063.974474141185,150000
2026-01-20 09:50:00,005930,22063.974474141185,22090.451243510157,22010.096589574197,22036.540438099917,150000
2026-01-20 09:55:00,005930,22036.540438099917,22144.37846698648,22010.096589574197,22117.837062511466,150000
2026-01-20 10:00:00,005930,22117.837062511466,22178.963498869576,22091.29565803645,22152.380642099055,150000
2026-01-20 10:05:00,005930,22152.380642099055,22196.940477176013,22125.797785328537,22170.336073887345,150000
2026-01-20 10:10:00,005930,22170.336073887345,22205.373520607154,22143.73167059868,22178.759009795398,150000
2026-01-20 10:15:00,005930,22178.759009795398,22248.057009225075,22152.144498983645,22221.39133961753,150000
2026-01-20 10:20:00,005930,22221.39133961753,22248.057009225075,22167.076941363845,22193.709392635006,150000
2026-01-20 10:25:00,005930,22193.709392635006,22220.34184390617,22152.18567556431,22178.800235847324,150000
2026-01-20 10:30:00,005930,22178.800235847324,22205.414796130342,22145.644315662783,22172.25101688304,150000
2026-01-20 10:35:00,005930,22172.25101688304,22220.149639063555,22145.644315662783,22193.51741816176,150000
2026-01-20 10:40:00,005930,22193.51741816176,22220.149639063555,22144.602755584612,22171.20820543113,150000
2026-01-20 10:45:00,005930,22171.20820543113,22197.81365527765,22133.75406668887,22160.34648246783,150000
2026-01-20 10:50:00,005930,22160.34648246783,22225.811262552077,22133.75406668887,22199.17225584506,150000
2026-01-20 10:55:00,005930,22199.17225584506,22279.666556698507,22172.533249138047,22252.96300109719,150000
2026-01-20 11:00:00,005930,22252.96300109719,22287.5755267735,22226.25944549587,22260.86249178336,150000
2026-01-20 11:05:00,005930,22260.86249178336,22306.762612893595,22234.14945679322,22280.026580996397,150000
2026-01-20 11:10:00,005930,22280.026580996397,22306.762612893595,22249.982706677874,22276.714764395147,150000
2026-01-20 11:15:00,005930,22276.714764395147,22303.446822112423,22172.901105899102,22199.540554564577,150000
2026-01-20 11:20:00,005930,22199.540554564577,22226.180003230056,22155.405233207384,22182.023661601306,150000
2026-01-20 11:25:00,005930,22182.023661601306,22258.20920020873,22155.405233207384,22231.531362573638,150000
2026-01-20 11:30:00,005930,22231.531362573638,22317.434075172958,22204.85352493855,22290.685252869513,150000
2026-01-20 11:35:00,005930,22290.685252869513,22317.434075172958,22243.303486201476,22270.027519224546,150000
2026-01-20 11:40:00,005930,22270.027519224546,22317.522028857067,22243.303486201476,22290.773101135703,150000
2026-01-20 11:45:00,005930,22290.773101135703,22373.31583392921,22264.024173414342,22346.50003388854,800000
2026-01-20 11:50:00,005930,22346.50003388854,22393.191656449006,22319.684233847875,22366.352034008192,150000
2026-01-20 11:55:00,005930,22366.352034008192,22393.191656449006,22315.96594146549,22342.777274194523,150000
2026-01-20 12:00:00,005930,22342.777274194523,22369.588606923557,22287.10140652341,22313.878060195642,150000
2026-01-20 12:05:00,005930,22313.878060195642,22355.17883562926,22287.10140652341,22328.384773900576,150000
2026-01-20 12:10:00,005930,22328.384773900576,22370.0786810696,22301.590712171896,22343.266760956452,150000
2026-01-20 12:15:00,005930,22343.266760956452,22455.88516535039,22316.454840843304,22428.970400869348,150000
2026-01-20 12:20:00,005930,22428.970400869348,22455.88516535039,22394.572608870774,22421.47838293029,150000
2026-01-20 12:25:00,005930,22421.47838293029,22498.038518261666,22394.572608870774,22471.073230385202,150000
2026-01-20 12:30:00,005930,22471.073230385202,22498.038518261666,22432.01296215824,22458.963718620584,150000
2026-01-20 12:35:00,005930,22458.963718620584,22485.91447508293,22398.866761895548,22425.777695129702,150000
2026-01-20 12:40:00,005930,22425.777695129702,22474.53641660925,22398.866761895548,22447.599297452307,150000
2026-01-20 12:45:00,005930,22447.599297452307,22530.722757650776,22420.662178295366,22503.718295695937,800000
2026-01-20 12:50:00,005930,22503.718295695937,22560.163324475227,22476.7138337411,22533.123576183803,150000
2026-01-20 12:55:00,005930,22533.123576183803,22604.88961203324,22506.083827892384,22577.796256525406,150000
2026-01-20 13:00:00,005930,22577.796256525406,22649.271117564593,22550.702901017576,22622.12456808289,150000
2026-01-20 13:05:00,005930,22622.12456808289,22712.269539238336,22594.978018601192,22685.047482259622,150000
2026-01-20 13:10:00,005930,22685.047482259622,22724.112242703144,22657.825425280913,22696.875991513327,150000
2026-01-20 13:15:00,005930,22696.875991513327,22731.695365814747,22669.63974032351,22704.450025783804,150000
2026-01-20 13:20:00,005930,22704.450025783804,22749.339861619665,22677.204685752866,22722.073373571377,150000
2026-01-20 13:25:00,005930,22722.073373571377,22840.10075972938,22694.806885523092,22812.725489142405,150000
2026-01-20 13:30:00,005930,22812.725489142405,22866.5860909662,22785.350218555435,22839.17907607491,150000
2026-01-20 13:35:00,005930,22839.17907607491,22906.73074177874,22811.77206118362,22879.275611045487,150000
2026-01-20 13:40:00,005930,22879.275611045487,22906.73074177874,22822.036453397315,22849.455800357744,150000
2026-01-20 13:45:00,005930,22849.455800357744,22934.067335186468,22822.036453397315,22906.579439858637,800000
2026-01-20 13:50:00,005930,22906.579439858637,22939.380645197467,22879.091544530806,22911.886381539618,150000
2026-01-20 13:55:00,005930,22911.886381539618,22976.960294375156,22884.392117881773,22949.42098918813,150000
2026-01-20 14:00:00,005930,22949.42098918813,23020.87514405834,22921.881684001102,22993.283204213283,150000
2026-01-20 14:05:00,005930,22993.283204213283,23066.719651201696,22965.691264368226,23039.072763885033,150000
2026-01-20 14:10:00,005930,23039.072763885033,23074.839633421234,23011.42587656837,23047.183013804668,150000
2026-01-20 14:15:00,005930,23047.183013804668,23111.553138454703,23019.526394188102,23083.852515436178,150000
2026-01-20 14:20:00,005930,23083.852515436178,23111.553138454703,23026.29953673413,23053.96429388679,150000
2026-01-20 14:25:00,005930,23053.96429388679,23106.34122077849,23026.29953673413,23078.64684456501,150000
2026-01-20 14:30:00,005930,23078.64684456501,23159.401812763557,23050.952468351534,23131.643840155368,150000
2026-01-20 14:35:00,005930,23131.643840155368,23160.50930014047,23103.885867547182,23132.750000140302,150000
2026-01-20 14:40:00,005930,23132.750000140302,23162.853624588977,23104.990700140133,23135.09151477125,150000
2026-01-20 14:45:00,005930,23135.09151477125,23179.94676194069,23107.329404953525,23152.164164942755,150000
2026-01-20 14:50:00,005930,23152.164164942755,23179.94676194069,23094.195798027245,23121.942128581544,150000
2026-01-20 14:55:00,005930,23121.942128581544,23171.65876538938,23094.195798027245,23143.8861020669,150000
2026-01-20 15:00:00,005930,23143.8861020669,23171.65876538938,23071.66450122618,23099.383761740268,150000
2026-01-20 15:05:00,005930,23099.383761740268,23127.10302225436,23066.591265830994,23094.30443114837,150000
2026-01-20 15:10:00,005930,23094.30443114837,23148.224333525086,23066.591265830994,23120.479757815705,150000
2026-01-20 15:15:00,005930,23120.479757815705,23148.224333525086,23054.672288503316,23082.37113386395,150000
2026-01-20 09:00:00,000660,22000.0,22067.79927382436,21973.600000000002,22041.34965423927,150000
2026-01-20 09:05:00,000660,22041.34965423927,22084.230366394913,22014.900034654183,22057.761053131155,150000
2026-01-20 09:10:00,000660,22057.761053131155,22084.230366394913,21980.69736468353,22007.105891753632,150000
2026-01-20 09:15:00,000660,22007.105891753632,22042.6313115253,21980.69736468353,22016.21185729654,150000
2026-01-20 09:20:00,000660,22016.21185729654,22042.6313115253,21979.51918023105,22005.926291781187,150000
2026-01-20 09:25:00,000660,22005.926291781187,22059.057529498645,21979.51918023105,22032.618387433722,150000
2026-01-20 09:30:00,000660,22032.618387433722,22094.989185577342,22006.179245368803,22068.506977204695,150000
2026-01-20 09:35:00,000660,22068.506977204695,22119.855655251395,22042.02476883205,22093.343642879936,150000
2026-01-20 09:40:00,000660,22093.343642879936,22119.855655251395,22051.880718421686,22078.374768143458,150000
2026-01-20 09:45:00,000660,22078.374768143458,22104.868817865234,22041.49193974615,22067.973507955696,150000
2026-01-20 09:50:00,000660,22067.973507955696,22094.455076165246,22031.867717081266,22058.337722348082,150000
2026-01-20 09:55:00,000660,22058.337722348082,22088.163016864837,22031.867717081266,22061.688990076742,150000
2026-01-20 10:00:00,000660,22061.688990076742,22130.13653775384,22035.21496328865,22103.612203110104,150000
2026-01-20 10:05:00,000660,22103.612203110104,22183.809166701976,22077.087868466373,22157.220502099455,150000
2026-01-20 10:10:00,000660,22157.220502099455,22183.809166701976,22118.655613720413,22145.229889587918,150000
2026-01-20 10:15:00,000660,22145.229889587918,22177.786002422672,22118.655613720413,22151.204556954326,150000
2026-01-20 10:20:00,000660,22151.204556954326,22177.786002422672,22046.341651184997,22072.829046040246,150000
2026-01-20 10:25:00,000660,22072.829046040246,22120.637065498442,22046.341651184997,22094.12411655857,150000
2026-01-20 10:30:00,000660,22094.12411655857,22120.637065498442,22024.671050325473,22051.13240921653,150000
2026-01-20 10:35:00,000660,22051.13240921653,22077.593768107592,22015.069044295124,22041.518866935447,150000
2026-01-20 10:40:00,000660,22041.518866935447,22067.96868957577,21993.509562266838,22019.933482445773,150000
2026-01-20 10:45:00,000660,22019.933482445773,22046.35740262471,21983.33194123944,22009.74363359976,150000
2026-01-20 10:50:00,000660,22009.74363359976,22036.15532596008,21978.699146791634,22005.105273119378,150000
2026-01-20 10:55:00,000660,22005.105273119378,22031.51139944712,21964.945853564295,21991.33545611163,150000
2026-01-20 11:00:00,000660,21991.33545611163,22035.637492902013,21964.945853564295,22009.226421196574,150000
2026-01-20 11:05:00,000660,22009.226421196574,22067.414135954907,21982.81534949114,22040.964977981326,150000
2026-01-20 11:10:00,000660,22040.964977981326,22067.414135954907,22011.499662293743,22037.945196529578,150000
2026-01-20 11:15:00,000660,22037.945196529578,22084.262907642293,22011.499662293743,22057.79355537584,150000
2026-01-20 11:20:00,000660,22057.79355537584,22084.262907642293,21977.85577921477,22004.26089228551,150000
2026-01-20 11:25:00,000660,22004.26089228551,22030.666005356255,21946.978498186472,21973.346514003275,150000
2026-01-20 11:30:00,000660,21973.346514003275,22042.445874944257,21946.978498186472,22016.026642972687,150000
2026-01-20 11:35:00,000660,22016.026642972687,22050.06692921541,21989.60741100112,22023.63856293988,150000
2026-01-20 11:40:00,000660,22023.63856293988,22050.06692921541,21995.245481967268,22021.67148775257,150000
2026-01-20 11:45:00,000660,22021.67148775257,22103.21773727172,21995.245481967268,22076.72566647195,800000
2026-01-20 11:50:00,000660,22076.72566647195,22148.057769342366,22050.233595672184,22121.511954996367,150000
2026-01-20 11:55:00,000660,22121.511954996367,22148.057769342366,22088.526978877493,22115.065056945827,150000
2026-01-20 12:00:00,000660,22115.065056945827,22141.603135014164,22023.79949453964,22050.259806307207,150000
2026-01-20 12:05:00,000660,22050.259806307207,22099.474576688397,22023.79949453964,22072.98699229764,150000
2026-01-20 12:10:00,000660,22072.98699229764,22143.448351232084,22046.499407906882,22116.908061558213,150000
2026-01-20 12:15:00,000660,22116.908061558213,22143.448351232084,22057.584439810904,22084.08534222157,150000
2026-01-20 12:20:00,000660,22084.08534222157,22122.840580038603,22057.584439810904,22096.32499005054,150000
2026-01-20 12:25:00,000660,22096.32499005054,22122.840580038603,22017.509278695976,22043.962033135736,150000
2026-01-20 12:30:00,000660,22043.962033135736,22099.581662339333,22017.509278695976,22073.09394959981,150000
2026-01-20 12:35:00,000660,22073.09394959981,22099.581662339333,22037.253355664838,22063.72983146259,150000
2026-01-20 12:40:00,000660,22063.72983146259,22096.414869783806,22037.253355664838,22069.930952640636,150000
2026-01-20 12:45:00,000660,22069.930952640636,22151.655906958265,22043.44703549747,22125.105780022237,800000
2026-01-20 12:50:00,000660,22125.105780022237,22174.280278380225,22098.555653086212,22147.703034738537,150000
2026-01-20 12:55:00,000660,22147.703034738537,22174.280278380225,22069.988413956602,22096.504219019425,150000
2026-01-20 13:00:00,000660,22096.504219019425,22133.648943168177,22069.988413956602,22107.120398689745,150000
2026-01-20 13:05:00,000660,22107.120398689745,22160.975944448783,22080.591854211318,22134.414646872534,150000
2026-01-20 13:10:00,000660,22134.414646872534,22160.975944448783,22080.654308219986,22107.182927733265,150000
2026-01-20 13:15:00,000660,22107.182927733265,22193.954658556682,22080.654308219986,22167.353833955935,150000
2026-01-20 13:20:00,000660,22167.353833955935,22209.69132749487,22140.753009355187,22183.07164152504,150000
2026-01-20 13:25:00,000660,22183.07164152504,22215.671370650798,22156.45195555521,22189.04451723012,150000
2026-01-20 13:30:00,000660,22189.04451723012,22233.097449797056,22162.417663809443,22206.44971014488,150000
2026-01-20 13:35:00,000660,22206.44971014488,22233.097449797056,22167.9503713004,22194.583871946736,150000
2026-01-20 13:40:00,000660,22194.583871946736,22221.217372593073,22158.99457348543,22185.617314262545,150000
2026-01-20 13:45:00,000660,22185.617314262545,22267.770655177257,22158.99457348543,22241.0813575482,800000
2026-01-20 13:50:00,000660,22241.0813575482,22329.486321699682,22214.39205991914,22302.72305403484,150000
2026-01-20 13:55:00,000660,22302.72305403484,22365.669620390847,22275.959786369996,22338.862984809075,150000
2026-01-20 14:00:00,000660,22338.862984809075,22380.139394424405,22312.056349227303,22353.31541592529,150000
2026-01-20 14:05:00,000660,22353.31541592529,22392.415527883768,22326.491437426183,22365.57683568095,150000
2026-01-20 14:10:00,000660,22365.57683568095,22430.73660043441,22338.738143478135,22403.851978060735,150000
2026-01-20 14:15:00,000660,22403.851978060735,22430.832025859516,22376.967355687062,22403.947289112577,150000
2026-01-20 14:20:00,000660,22403.947289112577,22457.222254575576,22377.06255236564,22430.30588751056,150000
2026-01-20 14:25:00,000660,22430.30588751056,22457.222254575576,22401.940136803067,22428.854762518087,150000
2026-01-20 14:30:00,000660,22428.854762518087,22479.68732904254,22401.940136803067,22452.7440361991,150000
2026-01-20 14:35:00,000660,22452.7440361991,22479.68732904254,22413.216624240325,22440.144797997924,150000
2026-01-20 14:40:00,000660,22440.144797997924,22510.612268767327,22413.216624240325,22483.631910474756,150000
2026-01-20 14:45:00,000660,22483.631910474756,22512.116323968155,22456.651552182186,22485.134162972587,150000
2026-01-20 14:50:00,000660,22485.134162972587,22512.116323968155,22453.71121708131,22480.68804273259,150000
2026-01-20 14:55:00,000660,22480.68804273259,22619.099282768915,22453.71121708131,22591.9888960936,150000
2026-01-20 15:00:00,000660,22591.9888960936,22649.242816197348,22564.87850941829,22622.096300636582,150000
2026-01-20 15:05:00,000660,22622.096300636582,22677.711651618643,22594.94978507582,22650.53101440136,150000
2026-01-20 15:10:00,000660,22650.53101440136,22679.078556219487,22623.35037718408,22651.896280682664,150000
2026-01-20 15:15:00,000660,22651.896280682664,22723.557925276855,22624.714005145845,22696.322338470687,150000
2026-01-20 09:00:00,035420,22000.0,22026.4,21955.605853083845,21981.984234164844,150000
2026-01-20 09:05:00,035420,21981.984234164844,22008.362615245842,21949.59341646727,21975.964573956015,150000
2026-01-20 09:10:00,035420,21975.964573956015,22002.335731444764,21909.843614407633,21936.167014825423,150000
2026-01-20 09:15:00,035420,21936.167014825423,21962.490415243217,21905.662392821323,21931.980769745016,150000
2026-01-20 09:20:00,035420,21931.980769745016,21995.289223351974,21905.662392821323,21968.926511538128,150000
2026-01-20 09:25:00,035420,21968.926511538128,22036.468730097553,21942.56379972428,22010.056662103027,150000
2026-01-20 09:30:00,035420,22010.056662103027,22036.468730097553,21971.29778690779,21997.69502093291,150000
2026-01-20 09:35:00,035420,21997.69502093291,22024.092254958032,21910.810594033,21937.13515622046,150000
2026-01-20 09:40:00,035420,21937.13515622046,21963.45971840793,21883.763713362594,21910.055780298953,150000
2026-01-20 09:45:00,035420,21910.055780298953,21936.347847235313,21882.741792348592,21909.032631506398,150000
2026-01-20 09:50:00,035420,21909.032631506398,21945.385314255513,21882.741792348592,21919.082415357083,150000
2026-01-20 09:55:00,035420,21919.082415357083,21955.451803729546,21892.779516458653,21929.136839522118,150000
2026-01-20 10:00:00,035420,21929.136839522118,21955.451803729546,21892.92999286603,21919.233072553092,150000
2026-01-20 10:05:00,035420,21919.233072553092,21966.18436469857,21892.92999286603,21939.856536854342,150000
2026-01-20 10:10:00,035420,21939.856536854342,22057.290604289323,21913.52870901012,22030.85357999333,150000
2026-01-20 10:15:00,035420,22030.85357999333,22057.290604289323,21981.08098093263,22007.489968895305,150000
2026-01-20 10:20:00,035420,22007.489968895305,22061.29065427895,21981.08098093263,22034.848835676137,150000
2026-01-20 10:25:00,035420,22034.848835676137,22077.548882717834,22008.407017073325,22051.087577624683,150000
2026-01-20 10:30:00,035420,22051.087577624683,22101.94297069452,22024.626272531536,22075.45242778118,150000
2026-01-20 10:35:00,035420,22075.45242778118,22102.19262084368,22048.961884867844,22075.70177870923,150000
2026-01-20 10:40:00,035420,22075.70177870923,22141.176636313634,22049.21093657478,22114.639069430315,150000
2026-01-20 10:45:00,035420,22114.639069430315,22141.176636313634,22058.251502244693,22084.753206092002,150000
2026-01-20 10:50:00,035420,22084.753206092002,22111.254909939315,22038.94530938603,22065.42381796759,150000
2026-01-20 10:55:00,035420,22065.42381796759,22091.902326549152,22028.026099806528,22054.491489594042,150000
2026-01-20 11:00:00,035420,22054.491489594042,22141.047932169007,22028.026099806528,22114.51051954555,150000
2026-01-20 11:05:00,035420,22114.51051954555,22141.047932169007,22052.811906189883,22079.3070746795,150000
2026-01-20 11:10:00,035420,22079.3070746795,22120.391140947027,22052.811906189883,22093.87848676291,150000
2026-01-20 11:15:00,035420,22093.87848676291,22150.63719968001,22067.365832578795,22124.08829372754,150000
2026-01-20 11:20:00,035420,22124.08829372754,22150.63719968001,22051.623824465896,22078.117565544548,150000
2026-01-20 11:25:00,035420,22078.117565544548,22104.611306623203,22014.950702935894,22041.40038339597,150000
2026-01-20 11:30:00,035420,22041.40038339597,22067.850063856047,21996.902132695195,22023.330128849815,150000
2026-01-20 11:35:00,035420,22023.330128849815,22049.75812500444,21951.89605826018,21978.269982238864,150000
2026-01-20 11:40:00,035420,21978.269982238864,22022.65621101208,21951.89605826018,21996.26069817427,150000
2026-01-20 11:45:00,035420,21996.26069817427,22077.712851539607,21969.86518533646,22051.2513499197,800000
2026-01-20 11:50:00,035420,22051.2513499197,22078.709368225038,22024.7898482998,22052.246672218374,150000
2026-01-20 11:55:00,035420,22052.246672218374,22078.968555449825,22025.783976211715,22052.505548791272,150000
2026-01-20 12:00:00,035420,22052.505548791272,22078.968555449825,22015.862787342117,22042.31356361846,150000
2026-01-20 12:05:00,035420,22042.31356361846,22068.764339894802,21961.764507215885,21988.15028756096,150000
2026-01-20 12:10:00,035420,21988.15028756096,22018.78916697187,21961.764507215885,21992.398289025037,150000
2026-01-20 12:15:00,035420,21992.398289025037,22018.78916697187,21954.712601328178,21981.08990921924,150000
2026-01-20 12:20:00,035420,21981.08990921924,22007.467217110305,21945.294750138975,21971.66074303061,150000
2026-01-20 12:25:00,035420,21971.66074303061,21998.02673592225,21933.00028707935,21959.351508890017,150000
2026-01-20 12:30:00,035420,21959.351508890017,21985.702730700687,21894.98745411891,21921.29300572578,150000
2026-01-20 12:35:00,035420,21921.29300572578,21947.598557332654,21861.025963462183,21887.290712316964,150000
2026-01-20 12:40:00,035420,21887.290712316964,21934.746540530832,21861.025963462183,21908.4563928594,150000
2026-01-20 12:45:00,035420,21908.4563928594,21989.583406882157,21882.166245187967,21963.227533841546,800000
2026-01-20 12:50:00,035420,21963.227533841546,22022.80192867982,21936.871660800934,21996.406241190387,150000
2026-01-20 12:55:00,035420,21996.406241190387,22022.80192867982,21932.57966365659,21958.930380112724,150000
2026-01-20 13:00:00,035420,21958.930380112724,21985.281096568862,21916.406444549786,21942.737729825578,150000
2026-01-20 13:05:00,035420,21942.737729825578,21969.06901510137,21910.034329699454,21936.357959250556,150000
2026-01-20 13:10:00,035420,21936.357959250556,21980.03311286058,21910.034329699454,21953.688686436853,150000
2026-01-20 13:15:00,035420,21953.688686436853,21980.03311286058,21910.650933285608,21936.975303649986,150000
2026-01-20 13:20:00,035420,21936.975303649986,21963.299674014368,21870.383774485283,21896.659766204728,150000
2026-01-20 13:25:00,035420,21896.659766204728,21928.343972773855,21870.383774485283,21902.061498975083,150000
2026-01-20 13:30:00,035420,21902.061498975083,21928.343972773855,21869.225307050285,21895.49990693861,150000
2026-01-20 13:35:00,035420,21895.49990693861,21948.43866576761,21869.225307050285,21922.132107238922,150000
2026-01-20 13:40:00,035420,21922.132107238922,22022.513922954477,21895.825548710236,21996.118580657687,150000
2026-01-20 13:45:00,035420,21996.118580657687,22077.570207761863,21969.723238360897,22051.10887710933,800000
2026-01-20 13:50:00,035420,22051.10887710933,22156.540099079328,22024.6475464568,22129.98411813756,150000
2026-01-20 13:55:00,035420,22129.98411813756,22156.540099079328,22055.646093808322,22082.14466740921,150000
2026-01-20 14:00:00,035420,22082.14466740921,22154.923477572993,22055.646093808322,22128.36943425189,150000
2026-01-20 14:05:00,035420,22128.36943425189,22163.89958715491,22101.815390930788,22137.33478541241,150000
2026-01-20 14:10:00,035420,22137.33478541241,22216.378910945034,22110.769983669918,22189.75120949364,150000
2026-01-20 14:15:00,035420,22189.75120949364,22216.378910945034,22145.76944188678,22172.376293438905,150000
2026-01-20 14:20:00,035420,22172.376293438905,22198.983144991034,22138.353442655567,22164.951384316748,150000
2026-01-20 14:25:00,035420,22164.951384316748,22191.54932597793,22120.625926125933,22147.202569208985,150000
2026-01-20 14:30:00,035420,22147.202569208985,22191.218635226694,22120.625926125933,22164.62108991879,150000
2026-01-20 14:35:00,035420,22164.62108991879,22240.839149114916,22138.02354461089,22214.182130558245,150000
2026-01-20 14:40:00,035420,22214.182130558245,22240.839149114916,22140.115507632967,22166.71556631254,150000
2026-01-20 14:45:00,035420,22166.71556631254,22202.846082654956,22140.115507632967,22176.234601133594,150000
2026-01-20 14:50:00,035420,22176.234601133594,22202.846082654956,22132.98697590116,22159.578470065237,150000
2026-01-20 14:55:00,035420,22159.578470065237,22254.614224315465,22132.98697590116,22227.940695480884,150000
2026-01-20 15:00:00,035420,22227.940695480884,22291.54254091166,22201.267166646307,22264.824751210206,150000
2026-01-20 15:05:00,035420,22264.824751210206,22430.48281100462,22238.106961508754,22403.598492813242,150000
2026-01-20 15:10:00,035420,22403.598492813242,22430.48281100462,22324.872615529654,22351.694649108584,150000
2026-01-20 15:15:00,035420,22351.694649108584,22386.0440714342,22324.872615529654,22359.21301581522,150000
2026-01-21 09:00:00,005930,22000.0,22026.4,21955.14167862747,21981.519502029907,150000
2026-01-21 09:05:00,005930,21981.519502029907,22007.897325432346,21925.885515617912,21952.228189445246,150000
2026-01-21 09:10:00,005930,21952.228189445246,21980.967505294062,21925.885515617912,21954.621958943328,150000
2026-01-21 09:15:00,005930,21954.621958943328,22020.949584170805,21928.276412592597,21994.556116830605,150000
2026-01-21 09:20:00,005930,21994.556116830605,22020.949584170805,21940.298794911487,21966.65878545403,150000
2026-01-21 09:25:00,005930,21966.65878545403,21993.018775996577,21939.524188405518,21965.883248303482,150000
2026-01-21 09:30:00,005930,21965.883248303482,22007.80698054755,21939.524188405518,21981.429265429033,150000
2026-01-21 09:35:00,005930,21981.429265429033,22024.520841316797,21955.05155031052,21998.12309360447,150000
2026-01-21 09:40:00,005930,21998.12309360447,22060.24940537815,21971.725345892144,22033.808834776413,150000
2026-01-21 09:45:00,005930,22033.808834776413,22060.24940537815,21977.86140435561,22004.266524184633,150000
2026-01-21 09:50:00,005930,22004.266524184633,22055.517741147512,21977.86140435561,22029.082841737425,150000
2026-01-21 09:55:00,005930,22029.082841737425,22078.6130722842,22002.64794232734,22052.150491694163,150000
2026-01-21 10:00:00,005930,22052.150491694163,22101.895129373577,22025.68791110413,22075.404643801015,150000
2026-01-21 10:05:00,005930,22075.404643801015,22101.895129373577,22042.830947742586,22069.314124692217,150000
2026-01-21 10:10:00,005930,22069.314124692217,22132.786817397817,22042.830947742586,22106.25930623034,150000
2026-01-21 10:15:00,005930,22106.25930623034,22132.786817397817,22048.57158108777,22075.06165507386,150000
2026-01-21 10:20:00,005930,22075.06165507386,22124.115744175575,22048.57158108777,22097.598625824583,150000
2026-01-21 10:25:00,005930,22097.598625824583,22124.115744175575,22064.89893381961,22091.408624168613,150000
2026-01-21 10:30:00,005930,22091.408624168613,22142.085341790378,22064.89893381961,22115.546685767455,150000
2026-01-21 10:35:00,005930,22115.546685767455,22142.085341790378,22059.02409628076,22085.526728354784,150000
2026-01-21 10:40:00,005930,22085.526728354784,22176.97101075234,22059.02409628076,22150.390542101813,150000
2026-01-21 10:45:00,005930,22150.390542101813,22232.507329886634,22123.810073451292,22205.860297529594,150000
2026-01-21 10:50:00,005930,22205.860297529594,22232.507329886634,22176.75855278055,22203.402635943683,150000
2026-01-21 10:55:00,005930,22203.402635943683,22276.12293523029,22176.75855278055,22249.423626878037,150000
2026-01-21 11:00:00,005930,22249.423626878037,22288.272898095234,22222.724318525783,22261.559027262516,150000
2026-01-21 11:05:00,005930,22261.559027262516,22288.272898095234,22194.96699503735,22221.63295458285,150000
2026-01-21 11:10:00,005930,22221.63295458285,22248.29891412835,22179.11559733915,22205.762512353976,150000
2026-01-21 11:15:00,005930,22205.762512353976,22241.61250199509,22179.11559733915,22214.954556527253,150000
2026-01-21 11:20:00,005930,22214.954556527253,22264.596298978722,22188.29661105942,22237.910806011507,150000
2026-01-21 11:25:00,005930,22237.910806011507,22264.596298978722,22171.633890278605,22198.271816458353,150000
2026-01-21 11:30:00,005930,22198.271816458353,22224.909742638105,22171.007919219104,22197.645093331103,150000
2026-01-21 11:35:00,005930,22197.645093331103,22224.2822674431,22147.23974870095,22173.84836674104,150000
2026-01-21 11:40:00,005930,22173.84836674104,22221.53781287229,22147.23974870095,22194.9039281585,150000
2026-01-21 11:45:00,005930,22194.9039281585,22277.09165740447,22168.27004344471,22250.391187978894,800000
2026-01-21 11:50:00,005930,22250.391187978894,22290.954417933368,22223.69071855332,22264.237333133606,150000
2026-01-21 11:55:00,005930,22264.237333133606,22290.954417933368,22237.05721435505,22263.773742846464,150000
2026-01-21 12:00:00,005930,22263.773742846464,22310.592499136354,22237.05721435505,22283.85187688409,150000
2026-01-21 12:05:00,005930,22283.85187688409,22345.605273102257,22257.11125463183,22318.8226858792,150000
2026-01-21 12:10:00,005930,22318.8226858792,22366.339720220352,22292.040098656147,22339.53228148257,150000
2026-01-21 12:15:00,005930,22339.53228148257,22378.68828293402,22312.724842744792,22351.866043681603,150000
2026-01-21 12:20:00,005930,22351.866043681603,22378.68828293402,22296.630153025646,22323.418254931563,150000
2026-01-21 12:25:00,005930,22323.418254931563,22403.532782841095,22296.630153025646,22376.68076592199,150000
2026-01-21 12:30:00,005930,22376.68076592199,22403.532782841095,22335.98310647775,22362.818488664147,150000
2026-01-21 12:35:00,005930,22362.818488664147,22441.389044296677,22335.98310647775,22414.4916543115,150000
2026-01-21 12:40:00,005930,22414.4916543115,22475.810367255624,22387.594264326326,22448.871721190193,150000
2026-01-21 12:45:00,005930,22448.871721190193,22531.99989317376,22421.933075124765,22504.993900493166,800000
2026-01-21 12:50:00,005930,22504.993900493166,22569.30252800242,22477.987907812574,22542.251825811443,150000
2026-01-21 12:55:00,005930,22542.251825811443,22588.553542422527,22515.20112362047,22561.479766702483,150000
2026-01-21 13:00:00,005930,22561.479766702483,22621.744999250313,22534.40599098244,22594.631441520487,150000
2026-01-21 13:05:00,005930,22594.631441520487,22622.890539254564,22567.517883790664,22595.77560852433,150000
2026-01-21 13:10:00,005930,22595.77560852433,22622.890539254564,22553.205450729252,22580.301812904738,150000
2026-01-21 13:15:00,005930,22580.301812904738,22616.720425922427,22553.205450729252,22589.612890453882,150000
2026-01-21 13:20:00,005930,22589.612890453882,22622.448462235843,22562.505354985336,22595.334061362206,150000
2026-01-21 13:25:00,005930,22595.334061362206,22650.852385768132,22568.219660488572,22623.703941038882,150000
2026-01-21 13:30:00,005930,22623.703941038882,22676.30417293834,22596.555496309637,22649.125222671133,150000
2026-01-21 13:35:00,005930,22649.125222671133,22679.771006934978,22621.94627240393,22652.587901453233,150000
2026-01-21 13:40:00,005930,22652.587901453233,22698.487011982877,22625.404795971488,22671.281474213818,150000
2026-01-21 13:45:00,005930,22671.281474213818,22755.233229512833,22644.075936444762,22727.95967789935,800000
2026-01-21 13:50:00,005930,22727.95967789935,22778.467036072954,22700.686126285873,22751.165637308182,150000
2026-01-21 13:55:00,005930,22751.165637308182,22798.32914455669,22723.864238543414,22771.003939828894,150000
2026-01-21 14:00:00,005930,22771.003939828894,22839.075188618073,22743.6787351011,22811.701147241383,150000
2026-01-21 14:05:00,005930,22811.701147241383,22839.075188618073,22739.684392385618,22767.00479814339,150000
2026-01-21 14:10:00,005930,22767.00479814339,22802.359822334376,22739.684392385618,22775.029786590465,150000
2026-01-21 14:15:00,005930,22775.029786590465,22825.654501332898,22747.699750846557,22798.296545478323,150000
2026-01-21 14:20:00,005930,22798.296545478323,22825.654501332898,22765.63399617547,22792.985578870113,150000
2026-01-21 14:25:00,005930,22792.985578870113,22946.15521337726,22765.63399617547,22918.65282998128,150000
2026-01-21 14:30:00,005930,22918.65282998128,22946.15521337726,22851.505341359105,22878.96009347127,150000
2026-01-21 14:35:00,005930,22878.96009347127,22906.414845583437,22814.094664848908,22841.504470213164,150000
2026-01-21 14:40:00,005930,22841.504470213164,22955.16837325271,22814.094664848908,22927.655187028275,150000
2026-01-21 14:45:00,005930,22927.655187028275,22989.458966302554,22900.14200080384,22961.90468068573,150000
2026-01-21 14:50:00,005930,22961.90468068573,23002.217895642756,22934.35039506891,22974.64831766156,150000
2026-01-21 14:55:00,005930,22974.64831766156,23002.217895642756,22935.36653564842,22962.922042098937,150000
2026-01-21 15:00:00,005930,22962.922042098937,23075.813039733082,22935.36653564842,23048.155253428966,150000
2026-01-21 15:05:00,005930,23048.155253428966,23075.813039733082,23005.441795451297,23033.08149324319,150000
2026-01-21 15:10:00,005930,23033.08149324319,23060.72119103508,22976.341243921102,23003.945979096017,150000
2026-01-21 15:15:00,005930,23003.945979096017,23041.645404780775,22976.341243921102,23014.02857049618,150000
2026-01-21 09:00:00,000660,22000.0,22063.07520711407,21973.600000000002,22036.631249614533,150000
2026-01-21 09:05:00,000660,22036.631249614533,22076.406338022858,22010.187292114995,22049.946402340047,150000
2026-01-21 09:10:00,000660,22049.946402340047,22114.42074946226,22023.48646665724,22087.915251160866,150000
2026-01-21 09:15:00,000660,22087.915251160866,22114.42074946226,22038.65789365981,22065.13605692812,150000
2026-01-21 09:20:00,000660,22065.13605692812,22091.614220196436,22036.81169455138,22063.28763971904,150000
2026-01-21 09:25:00,000660,22063.28763971904,22108.09424494585,22036.81169455138,22081.596329350625,150000
2026-01-21 09:30:00,000660,22081.596329350625,22122.988562864517,22055.098413755404,22096.472795509904,150000
2026-01-21 09:35:00,000660,22096.472795509904,22122.988562864517,22033.34040658103,22059.812181198467,150000
2026-01-21 09:40:00,000660,22059.812181198467,22086.283955815907,22006.51953526474,22032.95908616814,150000
2026-01-21 09:45:00,000660,22032.95908616814,22059.398637071543,22006.30558045745,22032.74487430662,150000
2026-01-21 09:50:00,000660,22032.74487430662,22059.18416815579,21985.664253395775,22012.078747893247,150000
2026-01-21 09:55:00,000660,22012.078747893247,22038.49324239072,21971.684642858807,21998.082341668807,150000
2026-01-21 10:00:00,000660,21998.082341668807,22095.09529219713,21971.684642858807,22068.612956649147,150000
2026-01-21 10:05:00,000660,22068.612956649147,22120.729026660672,22042.13062110117,22094.21596749967,150000
2026-01-21 10:10:00,000660,22094.21596749967,22120.729026660672,22046.638276191094,22073.126027424,150000
2026-01-21 10:15:00,000660,22073.126027424,22099.613778656912,22016.947741089207,22043.399820874256,150000
2026-01-21 10:20:00,000660,22043.399820874256,22171.324906788774,22016.947741089207,22144.75120534236,150000
2026-01-21 10:25:00,000660,22144.75120534236,22239.642733912147,22118.17750389595,22212.987149332945,150000
2026-01-21 10:30:00,000660,22212.987149332945,22239.642733912147,22182.591681341746,22209.24277266895,150000
2026-01-21 10:35:00,000660,22209.24277266895,22242.694034581018,22182.591681341746,22216.03479282962,150000
2026-01-21 10:40:00,000660,22216.03479282962,22262.27557563837,22189.375551078225,22235.592864201328,150000
2026-01-21 10:45:00,000660,22235.592864201328,22286.392710390406,22208.910152764285,22259.68109307871,150000
2026-01-21 10:50:00,000660,22259.68109307871,22328.198715367194,22232.969475767015,22301.436990978018,150000
2026-01-21 10:55:00,000660,22301.436990978018,22336.22234693029,22274.675266588845,22309.451005723422,150000
2026-01-21 11:00:00,000660,22309.451005723422,22356.247895351014,22282.679664516556,22329.452552288265,150000
2026-01-21 11:05:00,000660,22329.452552288265,22424.413514303378,22302.65720922552,22397.53647053873,150000
2026-01-21 11:10:00,000660,22397.53647053873,22429.857540741414,22370.659426774084,22402.973971975043,150000
2026-01-21 11:15:00,000660,22402.973971975043,22429.857540741414,22354.783015577766,22381.640984759477,150000
2026-01-21 11:20:00,000660,22381.640984759477,22416.56217336259,22354.783015577766,22389.69453991469,150000
2026-01-21 11:25:00,000660,22389.69453991469,22451.44672628987,22362.82690646679,22424.537281552006,150000
2026-01-21 11:30:00,000660,22424.537281552006,22482.0458801225,22397.627836814143,22455.099760410005,150000
2026-01-21 11:35:00,000660,22455.099760410005,22482.0458801225,22410.99477192529,22437.920276256795,150000
2026-01-21 11:40:00,000660,22437.920276256795,22464.845780588304,22376.683809132566,22403.568090841574,150000
2026-01-21 11:45:00,000660,22403.568090841574,22486.52850348196,22376.683809132566,22459.577011068675,800000
2026-01-21 11:50:00,000660,22459.577011068675,22528.19492267629,22432.625518655394,22501.193490487705,150000
2026-01-21 11:55:00,000660,22501.193490487705,22532.41230070627,22474.19205829912,22505.40581372979,150000
2026-01-21 12:00:00,000660,22505.40581372979,22585.872028156868,22478.399326753315,22558.801466397188,150000
2026-01-21 12:05:00,000660,22558.801466397188,22585.872028156868,22513.3874246065,22540.43594774379,150000
2026-01-21 12:10:00,000660,22540.43594774379,22626.840795423228,22513.3874246065,22599.721130067144,150000
2026-01-21 12:15:00,000660,22599.721130067144,22645.12074902184,22572.601464711064,22617.979174013024,150000
2026-01-21 12:20:00,000660,22617.979174013024,22645.12074902184,22559.02589916764,22586.129254272764,150000
2026-01-21 12:25:00,000660,22586.129254272764,22622.49600090084,22559.02589916764,22595.381543049178,150000
2026-01-21 12:30:00,000660,22595.381543049178,22665.030352339563,22568.26708519752,22637.86491444223,150000
2026-01-21 12:35:00,000660,22637.86491444223,22681.436918855517,22610.6994765449,22654.251816675504,150000
2026-01-21 12:40:00,000660,22654.251816675504,22681.436918855517,22596.335969042328,22623.484150022356,150000
2026-01-21 12:45:00,000660,22623.484150022356,22707.25891182989,22596.335969042328,22680.04286039741,800000
2026-01-21 12:50:00,000660,22680.04286039741,22707.25891182989,22627.226766650445,22654.412061123792,150000
2026-01-21 12:55:00,000660,22654.412061123792,22699.85614994874,22627.226766650445,22672.64897118332,150000
2026-01-21 13:00:00,000660,22672.64897118332,22775.59553967958,22645.4417924179,22748.297582580482,150000
2026-01-21 13:05:00,000660,22748.297582580482,22775.59553967958,22714.123045911336,22741.412741200777,150000
2026-01-21 13:10:00,000660,22741.412741200777,22800.019044556793,22714.123045911336,22772.691814379537,150000
2026-01-21 13:15:00,000660,22772.691814379537,22828.63955200539,22745.36458420228,22801.278018383327,150000
2026-01-21 13:20:00,000660,22801.278018383327,22828.63955200539,22728.527300751477,22755.834301913772,150000
2026-01-21 13:25:00,000660,22755.834301913772,22789.656272418993,22728.527300751477,22762.341462663793,150000
2026-01-21 13:30:00,000660,22762.341462663793,22789.656272418993,22720.329797036266,22747.626949375517,150000
2026-01-21 13:35:00,000660,22747.626949375517,22774.92410171477,22658.943140833417,22686.166540682236,150000
2026-01-21 13:40:00,000660,22686.166540682236,22750.61524618132,22658.943140833417,22723.34722950591,150000
2026-01-21 13:45:00,000660,22723.34722950591,22807.49178429677,22696.079212830504,22780.155597579673,800000
2026-01-21 13:50:00,000660,22780.155597579673,22807.49178429677,22749.695669498695,22777.02810322256,150000
2026-01-21 13:55:00,000660,22777.02810322256,22819.87354893814,22749.695669498695,22792.522521911844,150000
2026-01-21 14:00:00,000660,22792.522521911844,22819.87354893814,22760.695279109816,22788.040928223683,150000
2026-01-21 14:05:00,000660,22788.040928223683,22818.57963974686,22760.695279109816,22791.230163550597,150000
2026-01-21 14:10:00,000660,22791.230163550597,22818.57963974686,22748.67860197617,22776.009813752673,150000
2026-01-21 14:15:00,000660,22776.009813752673,22909.131859230398,22748.67860197617,22881.673850609663,150000
2026-01-21 14:20:00,000660,22881.673850609663,22944.437928367013,22854.21584198893,22916.93760324312,150000
2026-01-21 14:25:00,000660,22916.93760324312,22944.437928367013,22877.782774617684,22905.269097534725,150000
2026-01-21 14:30:00,000660,22905.269097534725,22957.75027269401,22877.782774617684,22930.233991903726,150000
2026-01-21 14:35:00,000660,22930.233991903726,22984.554288422325,22902.71771111344,22957.005881364687,150000
2026-01-21 14:40:00,000660,22957.005881364687,23029.594008457345,22929.457474307048,23001.991618515123,150000
2026-01-21 14:45:00,000660,23001.991618515123,23054.025978678605,22974.389228572905,23026.39430551199,150000
2026-01-21 14:50:00,000660,23026.39430551199,23054.025978678605,22973.753397826553,23001.35502385518,150000
2026-01-21 14:55:00,000660,23001.35502385518,23036.972843983407,22973.753397826553,23009.361610051343,150000
2026-01-21 15:00:00,000660,23009.361610051343,23056.067005696576,22981.750376119282,23028.432886233095,150000
2026-01-21 15:05:00,000660,23028.432886233095,23056.067005696576,22995.624860257212,23023.2527635735,150000
2026-01-21 15:10:00,000660,23023.2527635735,23051.460813339854,22995.624860257212,23023.832214682232,150000
2026-01-21 15:15:00,000660,23023.832214682232,23068.08552334976,22996.203616024613,23040.436998951016,150000
2026-01-21 09:00:00,035420,22000.0,22073.97222050848,21973.600000000002,22047.51520226576,150000
2026-01-21 09:05:00,035420,22047.51520226576,22155.97880070255,22021.05818402304,22129.423492511534,150000
2026-01-21 09:10:00,035420,22129.423492511534,22178.147355891055,22102.86818432052,22151.565477318272,150000
2026-01-21 09:15:00,035420,22151.565477318272,22191.01630392302,22124.98359874549,22164.419001121674,150000
2026-01-21 09:20:00,035420,22164.419001121674,22191.01630392302,22046.10661832621,22072.59373080317,150000
2026-01-21 09:25:00,035420,22072.59373080317,22099.08084328014,22001.060767568142,22027.493760080237,150000
2026-01-21 09:30:00,035420,22027.493760080237,22155.244908020475,22001.060767568142,22128.69047944514,150000
2026-01-21 09:35:00,035420,22128.69047944514,22185.066322753053,22102.136050869805,22158.476151371404,150000
2026-01-21 09:40:00,035420,22158.476151371404,22188.76819776511,22131.88597998976,22162.173589457758,150000
2026-01-21 09:45:00,035420,22162.173589457758,22321.313034813094,22135.578981150407,22294.559563337087,150000
2026-01-21 09:50:00,035420,22294.559563337087,22342.372201512106,22267.806091861083,22315.593489324914,150000
2026-01-21 09:55:00,035420,22315.593489324914,22379.81696082177,22288.814777137726,22352.993368779233,150000
2026-01-21 10:00:00,035420,22352.993368779233,22379.81696082177,22278.703402846182,22305.469966806348,150000
2026-01-21 10:05:00,035420,22305.469966806348,22390.92876195108,22278.703402846182,22364.091851729,150000
2026-01-21 10:10:00,035420,22364.091851729,22390.92876195108,22320.991439871123,22347.808810443654,150000
2026-01-21 10:15:00,035420,22347.808810443654,22374.62618101619,22298.917257379206,22325.708107107734,150000
2026-01-21 10:20:00,035420,22325.708107107734,22401.359014893096,22298.917257379206,22374.50960336905,150000
2026-01-21 10:25:00,035420,22374.50960336905,22471.24122209697,22347.660191845007,22444.308052434048,150000
2026-01-21 10:30:00,035420,22444.308052434048,22471.24122209697,22414.20622399456,22441.135586698598,150000
2026-01-21 10:35:00,035420,22441.135586698598,22485.794701462397,22414.20622399456,22458.84408855613,150000
2026-01-21 10:40:00,035420,22458.84408855613,22485.794701462397,22418.381617720177,22445.315996916477,150000
2026-01-21 10:45:00,035420,22445.315996916477,22477.512734870892,22418.381617720177,22450.572048412796,150000
2026-01-21 10:50:00,035420,22450.572048412796,22513.004810878072,22423.6313619547,22486.021584976097,150000
2026-01-21 10:55:00,035420,22486.021584976097,22565.898325746457,22459.038359074126,22538.851703702014,150000
2026-01-21 11:00:00,035420,22538.851703702014,22565.898325746457,22482.467510307302,22509.478884969263,150000
2026-01-21 11:05:00,035420,22509.478884969263,22602.30430351276,22482.467510307302,22575.21404665677,150000
2026-01-21 11:10:00,035420,22575.21404665677,22617.473859413018,22548.123789800782,22590.365420907925,150000
2026-01-21 11:15:00,035420,22590.365420907925,22659.83285695642,22563.256982402836,22632.673648578122,150000
2026-01-21 11:20:00,035420,22632.673648578122,22666.601157416742,22605.51444019983,22639.433836812565,150000
2026-01-21 11:25:00,035420,22639.433836812565,22666.601157416742,22589.810353742887,22616.95069457638,150000
2026-01-21 11:30:00,035420,22616.95069457638,22691.363488654668,22589.810353742887,22664.166488868024,150000
2026-01-21 11:35:00,035420,22664.166488868024,22764.007014880925,22636.969489081384,22736.72294734411,150000
2026-01-21 11:40:00,035420,22736.72294734411,22785.88568890423,22709.438879807298,22758.575398426117,150000
2026-01-21 11:45:00,035420,22758.575398426117,22842.85040312649,22731.265107948006,22815.47183692218,800000
2026-01-21 11:50:00,035420,22815.47183692218,22842.85040312649,22746.68956112433,22774.01838318415,150000
2026-01-21 11:55:00,035420,22774.01838318415,22801.347205243972,22744.396822822146,22771.722890290494,150000
2026-01-21 12:00:00,035420,22771.722890290494,22840.024607770272,22744.396822822146,22812.649428456123,150000
2026-01-21 12:05:00,035420,22812.649428456123,22840.024607770272,22757.791309482294,22785.13346964587,150000
2026-01-21 12:10:00,035420,22785.13346964587,22812.475629809447,22746.663667379922,22773.992458329918,150000
2026-01-21 12:15:00,035420,22773.992458329918,22860.904916389332,22746.663667379922,22833.504710736448,150000
2026-01-21 12:20:00,035420,22833.504710736448,22860.904916389332,22793.772879487766,22821.15826941106,150000
2026-01-21 12:25:00,035420,22821.15826941106,22906.644302615092,22793.772879487766,22879.189275484507,150000
2026-01-21 12:30:00,035420,22879.189275484507,22914.762375675018,22851.734248353925,22887.297618532775,150000
2026-01-21 12:35:00,035420,22887.297618532775,22914.762375675018,22786.282195255746,22813.658585558416,150000
2026-01-21 12:40:00,035420,22813.658585558416,22841.03497586109,22734.252871820147,22761.56675192245,150000
2026-01-21 12:45:00,035420,22761.56675192245,22845.852833604822,22734.252871820147,22818.470668802256,800000
2026-01-21 12:50:00,035420,22818.470668802256,22893.80231082325,22791.088503999694,22866.362675612512,150000
2026-01-21 12:55:00,035420,22866.362675612512,22902.910238916953,22838.923040401776,22875.4596872922,150000
2026-01-21 13:00:00,035420,22875.4596872922,22960.22188758541,22848.00913566745,22932.70264441211,150000
2026-01-21 13:05:00,035420,22932.70264441211,23008.65417028186,22905.183401238817,22981.076878028227,150000
2026-01-21 13:10:00,035420,22981.076878028227,23048.864445112806,22953.499585774593,23021.23895836277,150000
2026-01-21 13:15:00,035420,23021.23895836277,23079.47532026871,22993.613471612734,23051.813144495314,150000
2026-01-21 13:20:00,035420,23051.813144495314,23117.757332107,23024.15096872192,23090.049272979424,150000
2026-01-21 13:25:00,035420,23090.049272979424,23139.813573639414,23062.34121385185,23112.07907874492,150000
2026-01-21 13:30:00,035420,23112.07907874492,23154.468019578075,23084.344583850427,23126.71596042556,150000
2026-01-21 13:35:00,035420,23126.71596042556,23184.968633133314,23098.96390127305,23157.180017112776,150000
2026-01-21 13:40:00,035420,23157.180017112776,23184.968633133314,23092.550625781096,23120.294979756804,150000
2026-01-21 13:45:00,035420,23120.294979756804,23205.909432066845,23092.550625781096,23178.095717206194,800000
2026-01-21 13:50:00,035420,23178.095717206194,23258.424821825327,23150.282002345546,23230.548164028492,150000
2026-01-21 13:55:00,035420,23230.548164028492,23258.424821825327,23161.317478670273,23189.144452012686,150000
2026-01-21 14:00:00,035420,23189.144452012686,23216.971425355103,23114.175812972284,23141.946148350304,150000
2026-01-21 14:05:00,035420,23141.946148350304,23169.716483728327,23092.618705317218,23120.36314108652,150000
2026-01-21 14:10:00,035420,23120.36314108652,23148.107576855826,23082.666232166142,23110.398710618883,150000
2026-01-21 14:15:00,035420,23110.398710618883,23159.343637785903,23082.666232166142,23131.585734904016,150000
2026-01-21 14:20:00,035420,23131.585734904016,23165.041571177873,23103.827832022132,23137.276838971105,150000
2026-01-21 14:25:00,035420,23137.276838971105,23181.899542603893,23109.51210676434,23154.114605077797,150000
2026-01-21 14:30:00,035420,23154.114605077797,23211.750249456054,23126.329667551705,23183.929534015235,150000
2026-01-21 14:35:00,035420,23183.929534015235,23329.57932344232,23156.108818574416,23301.61738258322,150000
2026-01-21 14:40:00,035420,23301.61738258322,23419.193544375023,23273.65544172412,23391.124195340613,150000
2026-01-21 14:45:00,035420,23391.124195340613,23419.193544375023,23345.078249855957,23373.126001057226,150000
2026-01-21 14:50:00,035420,23373.126001057226,23401.173752258495,23327.554096352156,23355.58079330412,150000
2026-01-21 14:55:00,035420,23355.58079330412,23461.638517934083,23327.554096352156,23433.518295978905,150000
2026-01-21 15:00:00,035420,23433.518295978905,23504.607733854195,23405.39807402373,23476.436010641424,150000
2026-01-21 15:05:00,035420,23476.436010641424,23504.607733854195,23425.952176710754,23454.097093222623,150000
2026-01-21 15:10:00,035420,23454.097093222623,23482.24200973449,23387.11393355105,23415.21218817686,150000
2026-01-21 15:15:00,035420,23415.21218817686,23443.310442802675,23371.548874649874,23399.62842876439,150000
2026-01-22 09:00:00,005930,22000.0,22026.4,21937.65535044011,21964.012165038155,150000
2026-01-22 09:05:00,005930,21964.012165038155,21998.621648540713,21937.65535044011,21972.25494260958,150000
2026-01-22 09:10:00,005930,21972.25494260958,21998.621648540713,21944.91291584401,21971.278449983987,150000
2026-01-22 09:15:00,005930,21971.278449983987,22026.997362360467,21944.91291584401,22000.596646384805,150000
2026-01-22 09:20:00,005930,22000.596646384805,22111.69567661158,21974.195930409143,22085.193444478205,150000
2026-01-22 09:25:00,005930,22085.193444478205,22126.350011482067,22058.69121234483,22099.830215223796,150000
2026-01-22 09:30:00,005930,22099.830215223796,22175.895731697474,22073.310418965528,22149.31655183527,150000
2026-01-22 09:35:00,005930,22149.31655183527,22230.668257800113,22122.737371973068,22204.02342968449,150000
2026-01-22 09:40:00,005930,22204.02342968449,22260.693783740215,22177.378601568867,22234.0129681784,150000
2026-01-22 09:45:00,005930,22234.0129681784,22318.669786471764,22207.332152616586,22291.919483092053,150000
2026-01-22 09:50:00,005930,22291.919483092053,22318.669786471764,22254.217750131353,22280.95489600656,150000
2026-01-22 09:55:00,005930,22280.95489600656,22310.14472871177,22254.217750131353,22283.40464314,150000
2026-01-22 10:00:00,005930,22283.40464314,22327.635499038726,22256.66455756823,22300.874449699084,150000
2026-01-22 10:05:00,005930,22300.874449699084,22374.48624777111,22274.113400359445,22347.66904491721,150000
2026-01-22 10:10:00,005930,22347.66904491721,22454.515871498246,22320.851842063308,22427.602748200403,150000
2026-01-22 10:15:00,005930,22427.602748200403,22454.515871498246,22391.26391544229,22418.165714299448,150000
2026-01-22 10:20:00,005930,22418.165714299448,22469.645545013256,22391.26391544229,22442.714287867813,150000
2026-01-22 10:25:00,005930,22442.714287867813,22469.645545013256,22400.48246941964,22427.39534383224,150000
2026-01-22 10:30:00,005930,22427.39534383224,22454.308218244838,22380.82063361651,22407.709885479086,150000
2026-01-22 10:35:00,005930,22407.709885479086,22434.599137341662,22350.76639810705,22377.61954155692,150000
2026-01-22 10:40:00,005930,22377.61954155692,22404.47268500679,22337.407934533665,22364.245028567944,150000
2026-01-22 10:45:00,005930,22364.245028567944,22405.973354931368,22337.407934533665,22379.118412835964,150000
2026-01-22 10:50:00,005930,22379.118412835964,22447.07020056469,22352.26347074056,22420.16600136305,150000
2026-01-22 10:55:00,005930,22420.16600136305,22458.25779069908,22393.261802161414,22431.340182480104,150000
2026-01-22 11:00:00,005930,22431.340182480104,22458.25779069908,22398.178509973164,22425.08861631274,150000
2026-01-22 11:05:00,005930,22425.08861631274,22451.998722652315,22378.045773311358,22404.931691340968,150000
2026-01-22 11:10:00,005930,22404.931691340968,22431.817609370577,22367.975697494894,22394.84951691519,150000
2026-01-22 11:15:00,005930,22394.84951691519,22421.72333633549,22310.924116469956,22337.729391740042,150000
2026-01-22 11:20:00,005930,22337.729391740042,22427.883019611,22310.924116469956,22401.001817430082,150000
2026-01-22 11:25:00,005930,22401.001817430082,22472.850033718885,22374.120615249165,22445.91493579593,150000
2026-01-22 11:30:00,005930,22445.91493579593,22472.850033718885,22378.238589565302,22405.124739252406,150000
2026-01-22 11:35:00,005930,22405.124739252406,22432.01088893951,22373.57141001852,22400.451952361356,150000
2026-01-22 11:40:00,005930,22400.451952361356,22427.33249470419,22329.75609717677,22356.58399797434,150000
2026-01-22 11:45:00,005930,22356.58399797434,22439.37042851884,22329.75609717677,22412.475457969274,800000
2026-01-22 11:50:00,005930,22412.475457969274,22454.5710604074,22385.580487419713,22427.657870962244,150000
2026-01-22 11:55:00,005930,22427.657870962244,22514.930715668797,22400.74468151709,22487.945181451054,150000
2026-01-22 12:00:00,005930,22487.945181451054,22514.930715668797,22451.506640031952,22478.480817012365,150000
2026-01-22 12:05:00,005930,22478.480817012365,22505.454993992782,22445.378601962955,22472.34541646271,150000
2026-01-22 12:10:00,005930,22472.34541646271,22561.71208724647,22445.378601962955,22534.670482667265,150000
2026-01-22 12:15:00,005930,22534.670482667265,22571.059051795626,22507.628878088064,22544.00624430246,150000
2026-01-22 12:20:00,005930,22544.00624430246,22571.059051795626,22515.327037273484,22542.377890742373,150000
2026-01-22 12:25:00,005930,22542.377890742373,22569.428744211265,22489.23288380196,22516.252386665958,150000
2026-01-22 12:30:00,005930,22516.252386665958,22553.25923973445,22489.23288380196,22526.227766414748,150000
2026-01-22 12:35:00,005930,22526.227766414748,22553.25923973445,22434.059695220825,22461.01291071368,150000
2026-01-22 12:40:00,005930,22461.01291071368,22487.966126206542,22415.820393125206,22442.751695159397,150000
2026-01-22 12:45:00,005930,22442.751695159397,22525.857204686574,22415.820393125206,22498.858574397294,800000
2026-01-22 12:50:00,005930,22498.858574397294,22525.857204686574,22461.24652846238,22488.2324073512,150000
2026-01-22 12:55:00,005930,22488.2324073512,22551.019589975385,22461.24652846238,22523.990801014166,150000
2026-01-22 13:00:00,005930,22523.990801014166,22603.518423069683,22496.96201205295,22576.426711016462,150000
2026-01-22 13:05:00,005930,22576.426711016462,22661.23552042684,22549.334998963244,22634.074630869793,150000
2026-01-22 13:10:00,005930,22634.074630869793,22705.862877230127,22606.91374131275,22678.64849903129,150000
2026-01-22 13:15:00,005930,22678.64849903129,22729.71437382804,22651.43412083245,22702.47140813827,150000
2026-01-22 13:20:00,005930,22702.47140813827,22793.07698107071,22675.228442448504,22765.758071385044,150000
2026-01-22 13:25:00,005930,22765.758071385044,22793.07698107071,22724.57545159568,22751.87770484149,150000
2026-01-22 13:30:00,005930,22751.87770484149,22779.1799580873,22698.013258386487,22725.283598704933,150000
2026-01-22 13:35:00,005930,22725.283598704933,22807.40985829677,22698.013258386487,22780.07376977304,150000
2026-01-22 13:40:00,005930,22780.07376977304,22828.131801039006,22752.737681249313,22800.77087598782,150000
2026-01-22 13:45:00,005930,22800.77087598782,22885.202130541602,22773.409950936635,22857.772803177788,800000
2026-01-22 13:50:00,005930,22857.772803177788,22931.751407222575,22830.343475813974,22904.26628767736,150000
2026-01-22 13:55:00,005930,22904.26628767736,22976.154967966268,22876.781168132147,22948.61662801265,150000
2026-01-22 14:00:00,005930,22948.61662801265,22976.154967966268,22888.111294612245,22915.61002664422,150000
2026-01-22 14:05:00,005930,22915.61002664422,22946.692411866723,22888.111294612245,22919.189384605193,150000
2026-01-22 14:10:00,005930,22919.189384605193,22950.95250809239,22891.686357343668,22923.444374842577,150000
2026-01-22 14:15:00,005930,22923.444374842577,22973.126334857745,22895.936241592764,22945.591624907855,150000
2026-01-22 14:20:00,005930,22945.591624907855,23053.502878947897,22918.056914957964,23025.871832748595,150000
2026-01-22 14:25:00,005930,23025.871832748595,23054.156978133804,22998.240786549297,23026.525147956254,150000
2026-01-22 14:30:00,005930,23026.525147956254,23110.151329190187,22998.893317778708,23082.452386326593,150000
2026-01-22 14:35:00,005930,23082.452386326593,23155.74344489539,23054.753443463003,23127.989857066907,150000
2026-01-22 14:40:00,005930,23127.989857066907,23155.74344489539,23084.222252372743,23111.956600293095,150000
2026-01-22 14:45:00,005930,23111.956600293095,23141.173374351012,23084.222252372743,23113.43724965143,150000
2026-01-22 14:50:00,005930,23113.43724965143,23159.702195952676,23085.701124951847,23131.943863316694,150000
2026-01-22 14:55:00,005930,23131.943863316694,23167.438072223715,23104.185530680716,23139.670467662516,150000
2026-01-22 15:00:00,005930,23139.670467662516,23167.438072223715,23074.400159453024,23102.122706701066,150000
2026-01-22 15:05:00,005930,23102.122706701066,23156.528522949873,23074.400159453024,23128.773994156883,150000
2026-01-22 15:10:00,005930,23128.773994156883,23156.528522949873,23099.71166753877,23127.464625088876,150000
2026-01-22 15:15:00,005930,23127.464625088876,23155.217582638987,23075.059799204904,23102.78313897167,150000
2026-01-22 09:00:00,000660,22000.0,22026.4,21940.560737560627,21966.921042812002,150000
2026-01-22 09:05:00,000660,21966.921042812002,21993.281348063378,21933.62341955753,21959.97539002556,150000
2026-01-22 09:10:00,000660,21959.97539002556,22027.3064326885,21933.62341955753,22000.90534627297,150000
2026-01-22 09:15:00,000660,22000.90534627297,22053.18813382364,21974.504259857444,22026.75602659173,150000
2026-01-22 09:20:00,000660,22026.75602659173,22053.18813382364,21996.38383124428,22022.811204689908,150000
2026-01-22 09:25:00,000660,22022.811204689908,22106.512138489197,21996.38383124428,22080.01611914622,150000
2026-01-22 09:30:00,000660,22080.01611914622,22106.512138489197,22049.732508013225,22076.223976785368,150000
2026-01-22 09:35:00,000660,22076.223976785368,22102.71544555751,22030.70045789266,22057.16906076558,150000
2026-01-22 09:40:00,000660,22057.16906076558,22102.334849324456,22030.70045789266,22075.84383672039,150000
2026-01-22 09:45:00,000660,22075.84383672039,22123.321180952513,22049.352824116326,22096.80501493459,150000
2026-01-22 09:50:00,000660,22096.80501493459,22123.321180952513,22067.047134181783,22093.559405468346,150000
2026-01-22 09:55:00,000660,22093.559405468346,22120.07167675491,22051.917783664452,22078.41187791795,150000
2026-01-22 10:00:00,000660,22078.41187791795,22104.905972171455,22045.600297132907,22072.08680129446,150000
2026-01-22 10:05:00,000660,22072.08680129446,22140.080368505976,22045.600297132907,22113.544115567292,150000
2026-01-22 10:10:00,000660,22113.544115567292,22206.891457392885,22087.007862628612,22180.275127240195,150000
2026-01-22 10:15:00,000660,22180.275127240195,22207.613190533022,22153.658797087508,22180.995995338613,150000
2026-01-22 10:20:00,000660,22180.995995338613,22207.613190533022,22149.730838524098,22176.342449463453,150000
2026-01-22 10:25:00,000660,22176.342449463453,22202.95406040281,22144.407133556662,22171.012348374712,150000
2026-01-22 10:30:00,000660,22171.012348374712,22254.13528698138,22144.407133556662,22227.46233218276,150000
2026-01-22 10:35:00,000660,22227.46233218276,22259.27381996109,22200.789377384142,22232.594706313514,150000
2026-01-22 10:40:00,000660,22232.594706313514,22282.216987439435,22205.915592665937,22255.510374989444,150000
2026-01-22 10:45:00,000660,22255.510374989444,22282.216987439435,22219.229779157355,22245.924889024183,150000
2026-01-22 10:50:00,000660,22245.924889024183,22281.92351963407,22219.229779157355,22255.21725892336,150000
2026-01-22 10:55:00,000660,22255.21725892336,22281.92351963407,22228.123563457568,22254.82935868799,150000
2026-01-22 11:00:00,000660,22254.82935868799,22281.53515391842,22200.734500125553,22227.407388992342,150000
2026-01-22 11:05:00,000660,22227.407388992342,22286.361734006918,22200.734500125553,22259.650153822327,150000
2026-01-22 11:10:00,000660,22259.650153822327,22310.825104725653,22232.93857363774,22284.084203681232,150000
2026-01-22 11:15:00,000660,22284.084203681232,22342.61526119125,22257.343302636815,22315.83625768203,150000
2026-01-22 11:20:00,000660,22315.83625768203,22370.863412595478,22289.05725417281,22344.050551933156,150000
2026-01-22 11:25:00,000660,22344.050551933156,22386.406859650953,22317.23769127084,22359.5753692079,150000
2026-01-22 11:30:00,000660,22359.5753692079,22434.850140678776,22332.743878764853,22407.960587973208,150000
2026-01-22 11:35:00,000660,22407.960587973208,22527.323988676053,22381.07103526764,22500.323600355623,150000
2026-01-22 11:40:00,000660,22500.323600355623,22527.323988676053,22446.60210484826,22473.57038931544,150000
2026-01-22 11:45:00,000660,22473.57038931544,22556.790020467073,22446.60210484826,22529.754315288727,800000
2026-01-22 11:50:00,000660,22529.754315288727,22605.522334524645,22502.71861011038,22578.42822065985,150000
2026-01-22 11:55:00,000660,22578.42822065985,22673.82337800977,22551.33410679506,22646.64740112841,150000
2026-01-22 12:00:00,000660,22646.64740112841,22689.551022067204,22619.471424247058,22662.35619463364,150000
2026-01-22 12:05:00,000660,22662.35619463364,22689.551022067204,22614.948299686865,22642.118842297623,150000
2026-01-22 12:10:00,000660,22642.118842297623,22676.287693952178,22614.948299686865,22649.108763436052,150000
2026-01-22 12:15:00,000660,22649.108763436052,22676.287693952178,22569.18091521786,22596.29647098304,150000
2026-01-22 12:20:00,000660,22596.29647098304,22656.085167325477,22569.18091521786,22628.930450784534,150000
2026-01-22 12:25:00,000660,22628.930450784534,22666.30554209343,22601.775734243594,22639.138575802463,150000
2026-01-22 12:30:00,000660,22639.138575802463,22672.662031798627,22611.9716095115,22645.48744686239,150000
2026-01-22 12:35:00,000660,22645.48744686239,22672.662031798627,22576.33328757513,22603.457436498928,150000
2026-01-22 12:40:00,000660,22603.457436498928,22702.84520508986,22576.33328757513,22675.63444375735,150000
2026-01-22 12:45:00,000660,22675.63444375735,22759.602318102585,22648.42368242484,22732.323529866742,800000
2026-01-22 12:50:00,000660,22732.323529866742,22759.602318102585,22692.358498181093,22719.622044634652,150000
2026-01-22 12:55:00,000660,22719.622044634652,22747.966063366548,22692.358498181093,22720.701221900264,150000
2026-01-22 13:00:00,000660,22720.701221900264,22747.966063366548,22630.326159658085,22657.51517787153,150000
2026-01-22 13:05:00,000660,22657.51517787153,22688.2974971124,22630.326159658085,22661.10417210587,150000
2026-01-22 13:10:00,000660,22661.10417210587,22714.15324733907,22633.91084709934,22686.92893261992,150000
2026-01-22 13:15:00,000660,22686.92893261992,22751.20497151661,22659.704617900778,22723.936248018985,150000
2026-01-22 13:20:00,000660,22723.936248018985,22751.20497151661,22676.521190113366,22703.76570896412,150000
2026-01-22 13:25:00,000660,22703.76570896412,22731.01022781488,22668.66408965175,22695.899168654134,150000
2026-01-22 13:30:00,000660,22695.899168654134,22744.343883294827,22668.66408965175,22717.08338323494,150000
2026-01-22 13:35:00,000660,22717.08338323494,22775.446592976772,22689.82288317506,22748.14881439949,150000
2026-01-22 13:40:00,000660,22748.14881439949,22889.641133424073,22720.851035822212,22862.2064856413,150000
2026-01-22 13:45:00,000660,22862.2064856413,22946.865236257632,22834.771837858534,22919.362001855403,800000
2026-01-22 13:50:00,000660,22919.362001855403,22948.772617785366,22891.858767453177,22921.267097268643,150000
2026-01-22 13:55:00,000660,22921.267097268643,22980.837950171826,22893.76157675192,22953.293997374974,150000
2026-01-22 14:00:00,000660,22953.293997374974,22980.837950171826,22913.81644721283,22941.346062487813,150000
2026-01-22 14:05:00,000660,22941.346062487813,22968.8756777628,22894.4529477736,22921.959298932317,150000
2026-01-22 14:10:00,000660,22921.959298932317,22982.31683821863,22894.4529477736,22954.77111288317,150000
2026-01-22 14:15:00,000660,22954.77111288317,22986.6444001719,22927.22538754771,22959.093487986313,150000
2026-01-22 14:20:00,000660,22959.093487986313,22986.6444001719,22923.935102958025,22951.476875208275,150000
2026-01-22 14:25:00,000660,22951.476875208275,22983.62382796592,22923.935102958025,22956.07653612257,150000
2026-01-22 14:30:00,000660,22956.07653612257,23005.4043848579,22928.529244279223,22977.83098767269,150000
2026-01-22 14:35:00,000660,22977.83098767269,23005.4043848579,22917.917340307944,22945.451882567024,150000
2026-01-22 14:40:00,000660,22945.451882567024,23037.663012988618,22917.917340307944,23010.0509518464,150000
2026-01-22 14:45:00,000660,23010.0509518464,23077.921326324078,22982.438890704183,23050.261013108346,150000
2026-01-22 14:50:00,000660,23050.261013108346,23122.749263896298,23022.600699892617,23095.03522163034,150000
2026-01-22 14:55:00,000660,23095.03522163034,23158.330345114122,23067.321179364382,23130.57365672605,150000
2026-01-22 15:00:00,000660,23130.57365672605,23233.784387262618,23102.81696833798,23205.93726254756,150000
2026-01-22 15:05:00,000660,23205.93726254756,23233.784387262618,23164.28679646088,23192.1173372656,150000
2026-01-22 15:10:00,000660,23192.1173372656,23219.94787807032,23159.573727316758,23187.398605643528,150000
2026-01-22 15:15:00,000660,23187.398605643528,23217.43882400883,23159.573727316758,23189.611290460274,150000
2026-01-22 09:00:00,035420,22000.0,22049.95529452372,21973.600000000002,22023.52706204926,150000
2026-01-22 09:05:00,035420,22023.52706204926,22056.874398702927,21997.0988295748,22030.437873255018,150000
2026-01-22 09:10:00,035420,22030.437873255018,22070.902017933797,22004.001347807112,22044.448679518373,150000
2026-01-22 09:15:00,035420,22044.448679518373,22118.54032612211,22017.995341102953,22092.029890253805,150000
2026-01-22 09:20:00,035420,22092.029890253805,22118.54032612211,22034.571627153047,22061.04488101026,150000
2026-01-22 09:25:00,035420,22061.04488101026,22128.382780540913,22034.571627153047,22101.86054788345,150000
2026-01-22 09:30:00,035420,22101.86054788345,22139.13199734337,22075.338315225992,22112.596881086065,150000
2026-01-22 09:35:00,035420,22112.596881086065,22210.7568756463,22086.061764828763,22184.135912551235,150000
2026-01-22 09:40:00,035420,22184.135912551235,22213.928912531068,22157.514949456174,22187.304147554,150000
2026-01-22 09:45:00,035420,22187.304147554,22262.38305594978,22160.67938257694,22235.700215690948,150000
2026-01-22 09:50:00,035420,22235.700215690948,22262.38305594978,22166.717951569204,22193.349971535044,150000
2026-01-22 09:55:00,035420,22193.349971535044,22223.104523781305,22166.717951569204,22196.46876126778,150000
2026-01-22 10:00:00,035420,22196.46876126778,22286.057580050336,22169.83299875426,22259.34636441304,150000
2026-01-22 10:05:00,035420,22259.34636441304,22332.160170083633,22232.635148775742,22305.393697646454,150000
2026-01-22 10:10:00,035420,22305.393697646454,22332.160170083633,22263.887731220788,22290.636495014805,150000
2026-01-22 10:15:00,035420,22290.636495014805,22318.87670866904,22263.887731220788,22292.1261572803,150000
2026-01-22 10:20:00,035420,22292.1261572803,22320.93943267374,22265.375605891564,22294.186408982958,150000
2026-01-22 10:25:00,035420,22294.186408982958,22320.93943267374,22233.725197774296,22260.437723041945,150000
2026-01-22 10:30:00,035420,22260.437723041945,22312.60470632772,22233.725197774296,22285.86167232093,150000
2026-01-22 10:35:00,035420,22285.86167232093,22335.219789142597,22259.118638314147,22308.449649563117,150000
2026-01-22 10:40:00,035420,22308.449649563117,22367.390439345894,22281.67950998364,22340.581741256385,150000
2026-01-22 10:45:00,035420,22340.581741256385,22381.398491431963,22313.77304316688,22354.57300382737,150000
2026-01-22 10:50:00,035420,22354.57300382737,22381.398491431963,22309.284798464694,22336.088104189723,150000
2026-01-22 10:55:00,035420,22336.088104189723,22401.380930694762,22309.284798464694,22374.531492903276,150000
2026-01-22 11:00:00,035420,22374.531492903276,22421.65857384791,22347.682055111793,22394.78483204945,150000
2026-01-22 11:05:00,035420,22394.78483204945,22474.06154979482,22367.91109025099,22447.124999795065,150000
2026-01-22 11:10:00,035420,22447.124999795065,22513.999292606342,22420.18844979531,22487.01487475663,150000
2026-01-22 11:15:00,035420,22487.01487475663,22548.931647020425,22460.030456906923,22521.905360587716,150000
2026-01-22 11:20:00,035420,22521.905360587716,22548.931647020425,22467.878413250517,22494.87225996247,150000
2026-01-22 11:25:00,035420,22494.87225996247,22521.866106674428,22441.51107618385,22468.473244076744,150000
2026-01-22 11:30:00,035420,22468.473244076744,22495.435411969636,22406.132132567942,22433.051794721607,150000
2026-01-22 11:35:00,035420,22433.051794721607,22459.971456875275,22401.084541732824,22427.998139500225,150000
2026-01-22 11:40:00,035420,22427.998139500225,22467.37380014427,22401.084541732824,22440.445265825278,150000
2026-01-22 11:45:00,035420,22440.445265825278,22523.54223464463,22413.516731506286,22496.54637898984,800000
2026-01-22 11:50:00,035420,22496.54637898984,22559.303261106554,22469.550523335052,22532.264543654168,150000
2026-01-22 11:55:00,035420,22532.264543654168,22559.303261106554,22448.965130261055,22475.936253765572,150000
2026-01-22 12:00:00,035420,22475.936253765572,22502.907377270094,22431.660176221034,22458.610508831633,150000
2026-01-22 12:05:00,035420,22458.610508831633,22485.778567028487,22431.660176221034,22458.82797346033,150000
2026-01-22 12:10:00,035420,22458.82797346033,22485.778567028487,22413.707134168588,22440.63589724528,150000
2026-01-22 12:15:00,035420,22440.63589724528,22467.564660321976,22372.107556314466,22398.986339922372,150000
2026-01-22 12:20:00,035420,22398.986339922372,22435.843419248922,22372.107556314466,22408.952676037676,150000
2026-01-22 12:25:00,035420,22408.952676037676,22435.843419248922,22321.060029434248,22347.877482413143,150000
2026-01-22 12:30:00,035420,22347.877482413143,22411.867856220844,22321.060029434248,22385.0058492018,150000
2026-01-22 12:35:00,035420,22385.0058492018,22418.240131082686,22358.14384218276,22391.370486498887,150000
2026-01-22 12:40:00,035420,22391.370486498887,22421.683001069894,22364.500841915087,22394.809229993898,150000
2026-01-22 12:45:00,035420,22394.809229993898,22477.737208572566,22367.935458917906,22450.796253068882,800000
2026-01-22 12:50:00,035420,22450.796253068882,22547.70630789591,22423.8552975652,22520.681490107778,150000
2026-01-22 12:55:00,035420,22520.681490107778,22557.58522363609,22493.65667231965,22530.54856535766,150000
2026-01-22 13:00:00,035420,22530.54856535766,22589.750069216792,22503.51190707923,22562.674859385526,150000
2026-01-22 13:05:00,035420,22562.674859385526,22589.750069216792,22512.438207927527,22539.48559063629,150000
2026-01-22 13:10:00,035420,22539.48559063629,22572.10901855623,22512.438207927527,22545.054952613093,150000
2026-01-22 13:15:00,035420,22545.054952613093,22572.10901855623,22502.26070511531,22529.295860147486,150000
2026-01-22 13:20:00,035420,22529.295860147486,22556.331015179665,22498.625677849617,22525.656465608346,150000
2026-01-22 13:25:00,035420,22525.656465608346,22587.56465630473,22498.625677849617,22560.492065825736,150000
2026-01-22 13:30:00,035420,22560.492065825736,22608.215480623625,22533.419475346745,22581.118138856993,150000
2026-01-22 13:35:00,035420,22581.118138856993,22608.215480623625,22553.206115449662,22580.30247842377,150000
2026-01-22 13:40:00,035420,22580.30247842377,22607.39884139788,22549.94906859777,22577.041518419872,150000
2026-01-22 13:45:00,035420,22577.041518419872,22660.644303162582,22549.94906859777,22633.48412221592,800000
2026-01-22 13:50:00,035420,22633.48412221592,22660.644303162582,22569.92939535433,22597.04585037478,150000
2026-01-22 13:55:00,035420,22597.04585037478,22677.95919667322,22569.92939535433,22650.778262757907,150000
2026-01-22 14:00:00,035420,22650.778262757907,22677.95919667322,22616.950010038272,22644.122957587377,150000
2026-01-22 14:05:00,035420,22644.122957587377,22671.295905136485,22606.900732238842,22634.06160616624,150000
2026-01-22 14:10:00,035420,22634.06160616624,22686.388954117847,22606.900732238842,22659.197916617904,150000
2026-01-22 14:15:00,035420,22659.197916617904,22686.388954117847,22594.16318336636,22621.308753871006,150000
2026-01-22 14:20:00,035420,22621.308753871006,22701.51460359869,22594.16318336636,22674.3054370742,150000
2026-01-22 14:25:00,035420,22674.3054370742,22711.96644551432,22647.09627054971,22684.744751812144,150000
2026-01-22 14:30:00,035420,22684.744751812144,22800.883089747884,22657.52305810997,22773.55482395913,150000
2026-01-22 14:35:00,035420,22773.55482395913,22800.883089747884,22735.16034331865,22762.475313695082,150000
2026-01-22 14:40:00,035420,22762.475313695082,22789.790284071518,22728.565381985598,22755.87242890028,150000
2026-01-22 14:45:00,035420,22755.87242890028,22814.585889975544,22728.565381985598,22787.2412005349,150000
2026-01-22 14:50:00,035420,22787.2412005349,22821.460803921273,22759.89651109426,22794.107874471905,150000
2026-01-22 14:55:00,035420,22794.107874471905,22829.582181114034,22766.754945022538,22802.2195176928,150000
2026-01-22 15:00:00,035420,22802.2195176928,22829.582181114034,22743.785790716538,22771.111124065417,150000
2026-01-22 15:05:00,035420,22771.111124065417,22798.436457414296,22706.72290236894,22734.00370681712,150000
2026-01-22 15:10:00,035420,22734.00370681712,22761.2845112653,22694.35585216497,22721.621798322954,150000
2026-01-22 15:15:00,035420,22721.621798322954,22800.707643649654,22694.35585216497,22773.37958814388,150000
2026-01-23 09:00:00,005930,22000.0,22026.4,21959.458336388358,21985.841346003563,150000
2026-01-23 09:05:00,005930,21985.841346003563,22012.224355618768,21925.058432525097,21951.40011266029,150000
2026-01-23 09:10:00,005930,21951.40011266029,21977.741792795485,21908.65211936076,21934.974088266677,150000
2026-01-23 09:15:00,005930,21934.974088266677,21961.2960571726,21901.985679608435,21928.299639175446,150000
2026-01-23 09:20:00,005930,21928.299639175446,21954.613598742457,21868.451319305062,21894.724989292212,150000
2026-01-23 09:25:00,005930,21894.724989292212,21920.998659279365,21853.538632782158,21879.79438604541,150000
2026-01-23 09:30:00,005930,21879.79438604541,21917.60652114544,21853.538632782158,21891.336916845223,150000
2026-01-23 09:35:00,005930,21891.336916845223,21929.430090180897,21865.06731254501,21903.14631460337,150000
2026-01-23 09:40:00,005930,21903.14631460337,21929.430090180897,21870.47655211739,21896.752655303753,150000
2026-01-23 09:45:00,005930,21896.752655303753,21944.326657267648,21870.47655211739,21918.025027234962,150000
2026-01-23 09:50:00,005930,21918.025027234962,21944.326657267648,21877.162932544576,21903.447069027407,150000
2026-01-23 09:55:00,005930,21903.447069027407,21929.73120551024,21829.65727300354,21855.884334204584,150000
2026-01-23 10:00:00,005930,21855.884334204584,21882.11139540563,21801.054946652665,21827.247643825256,150000
2026-01-23 10:05:00,005930,21827.247643825256,21855.787971160153,21801.054946652665,21829.5924602079,150000
2026-01-23 10:10:00,005930,21829.5924602079,21855.787971160153,21777.656936312993,21803.82152213956,150000
2026-01-23 10:15:00,005930,21803.82152213956,21829.986107966128,21721.36083291009,21747.457782248788,150000
2026-01-23 10:20:00,005930,21747.457782248788,21773.55473158749,21698.53592942197,21724.605455969133,150000
2026-01-23 10:25:00,005930,21724.605455969133,21750.6749825163,21692.35144664031,21718.41354289178,150000
2026-01-23 10:30:00,005930,21718.41354289178,21744.475639143253,21684.472202015484,21710.52483181366,150000
2026-01-23 10:35:00,005930,21710.52483181366,21784.9469534258,21684.472202015484,21758.836349806028,150000
2026-01-23 10:40:00,005930,21758.836349806028,21807.73563368229,21732.72574618626,21781.59771642258,150000
2026-01-23 10:45:00,005930,21781.59771642258,21886.37740268034,21755.459799162873,21860.14522840625,150000
2026-01-23 10:50:00,005930,21860.14522840625,21908.98151023863,21833.913054132165,21882.722243546374,150000
2026-01-23 10:55:00,005930,21882.722243546374,21911.55920794058,21856.46297685412,21885.296851718515,150000
2026-01-23 11:00:00,005930,21885.296851718515,21965.770058359056,21859.034495496453,21939.44272708655,150000
2026-01-23 11:05:00,005930,21939.44272708655,22049.260067327476,21913.115395814046,22022.832668125724,150000
2026-01-23 11:10:00,005930,22022.832668125724,22049.260067327476,21946.710401161323,21973.07809487517,150000
2026-01-23 11:15:00,005930,21973.07809487517,21999.445788589022,21899.96487219827,21926.27640388293,150000
2026-01-23 11:20:00,005930,21926.27640388293,21982.337202774102,21899.96487219827,21955.990014756393,150000
2026-01-23 11:25:00,005930,21955.990014756393,21982.337202774102,21922.574490328258,21948.91318615164,150000
2026-01-23 11:30:00,005930,21948.91318615164,21975.251881975022,21890.29083741985,21916.590746315425,150000
2026-01-23 11:35:00,005930,21916.590746315425,21974.04305333366,21890.29083741985,21947.70580636602,150000
2026-01-23 11:40:00,005930,21947.70580636602,21974.04305333366,21901.273512012765,21927.586615951906,150000
2026-01-23 11:45:00,005930,21927.586615951906,22008.784469190778,21901.273512012765,21982.405582491785,800000
2026-01-23 11:50:00,005930,21982.405582491785,22008.784469190778,21933.840691077767,21960.19292258487,150000
2026-01-23 11:55:00,005930,21960.19292258487,21986.54515409197,21931.962797281543,21958.312772608675,150000
2026-01-23 12:00:00,005930,21958.312772608675,22017.482057730424,21931.962797281543,21991.0927464347,150000
2026-01-23 12:05:00,005930,21991.0927464347,22019.93610503795,21964.70343513898,21993.54385241505,150000
2026-01-23 12:10:00,005930,21993.54385241505,22019.93610503795,21958.52013531888,21984.902017740165,150000
2026-01-23 12:15:00,005930,21984.902017740165,22019.534255605635,21958.52013531888,21993.142484624084,150000
2026-01-23 12:20:00,005930,21993.142484624084,22050.930530266975,21966.750713642537,22024.501128912278,150000
2026-01-23 12:25:00,005930,22024.501128912278,22064.550255214443,21998.071727557584,22038.104529778706,150000
2026-01-23 12:30:00,005930,22038.104529778706,22064.550255214443,21998.44428943518,22024.87413840126,150000
2026-01-23 12:35:00,005930,22024.87413840126,22051.303987367344,21989.955455307154,22016.375105433675,150000
2026-01-23 12:40:00,005930,22016.375105433675,22074.11382041063,21989.955455307154,22047.656632451683,150000
2026-01-23 12:45:00,005930,22047.656632451683,22129.29910496165,22021.19944449274,22102.77577403281,800000
2026-01-23 12:50:00,005930,22102.77577403281,22129.29910496165,22065.84705557988,22092.357885041933,150000
2026-01-23 12:55:00,005930,22092.357885041933,22129.087277989995,22065.84705557988,22102.564200948855,150000
2026-01-23 13:00:00,005930,22102.564200948855,22168.372818670887,22076.041123907715,22141.802655484305,150000
2026-01-23 13:05:00,005930,22141.802655484305,22232.319905819673,22115.232492297724,22205.67309810195,150000
2026-01-23 13:10:00,005930,22205.67309810195,22246.366655894457,22179.026290384227,22219.70301227972,150000
2026-01-23 13:15:00,005930,22219.70301227972,22247.489005765576,22193.039368664984,22220.82401694524,150000
2026-01-23 13:20:00,005930,22220.82401694524,22281.78738456734,22194.159028124905,22255.08128702291,150000
2026-01-23 13:25:00,005930,22255.08128702291,22351.69199810591,22228.375189478484,22324.902115567227,150000
2026-01-23 13:30:00,005930,22324.902115567227,22351.69199810591,22274.468153362322,22301.229628917023,150000
2026-01-23 13:35:00,005930,22301.229628917023,22327.991104471726,22265.07349557822,22291.82368399902,150000
2026-01-23 13:40:00,005930,22291.82368399902,22353.677737747643,22265.07349557822,22326.885475177427,150000
2026-01-23 13:45:00,005930,22326.885475177427,22409.561932092012,22300.093212607215,22382.70268886537,800000
2026-01-23 13:50:00,005930,22382.70268886537,22409.561932092012,22289.731488104357,22316.511301666356,150000
2026-01-23 13:55:00,005930,22316.511301666356,22343.29111522836,22257.79136020669,22284.53279956617,150000
2026-01-23 14:00:00,005930,22284.53279956617,22332.466393424194,22257.79136020669,22305.699553959443,150000
2026-01-23 14:05:00,005930,22305.699553959443,22379.835464654072,22278.93271449469,22353.01185043355,150000
2026-01-23 14:10:00,005930,22353.01185043355,22382.273519134535,22326.18823621303,22355.446982755228,150000
2026-01-23 14:15:00,005930,22355.446982755228,22382.273519134535,22268.39895389193,22295.15313765712,150000
2026-01-23 14:20:00,005930,22295.15313765712,22321.90732142231,22261.76736001696,22288.513576308527,150000
2026-01-23 14:25:00,005930,22288.513576308527,22330.97567580383,22261.76736001696,22304.210623056162,150000
2026-01-23 14:30:00,005930,22304.210623056162,22330.97567580383,22269.53904569294,22296.294599211997,150000
2026-01-23 14:35:00,005930,22296.294599211997,22323.05015273105,22259.504738524116,22286.248236407806,150000
2026-01-23 14:40:00,005930,22286.248236407806,22340.093423845414,22259.504738524116,22313.317442913914,150000
2026-01-23 14:45:00,005930,22313.317442913914,22381.094693127754,22286.54146198242,22354.26956964418,150000
2026-01-23 14:50:00,005930,22354.26956964418,22381.094693127754,22320.17712134249,22346.993513558762,150000
2026-01-23 14:55:00,005930,22346.993513558762,22398.301113272013,22320.17712134249,22371.45536683181,150000
2026-01-23 15:00:00,005930,22371.45536683181,22429.664242586452,22344.609620391613,22402.78090549985,150000
2026-01-23 15:05:00,005930,22402.78090549985,22470.662356385274,22375.897568413253,22443.729880528637,150000
2026-01-23 15:10:00,005930,22443.729880528637,22483.008216771603,22416.797404672005,22456.060943639233,150000
2026-01-23 15:15:00,005930,22456.060943639233,22510.060618955733,22429.113670506867,22483.080921849512,150000
2026-01-23 09:00:00,000660,22000.0,22065.900202843284,21973.600000000002,22039.452859411987,150000
2026-01-23 09:05:00,000660,22039.452859411987,22118.011879976504,22013.005515980694,22091.50207748352,150000
2026-01-23 09:10:00,000660,22091.50207748352,22118.011879976504,22061.38717107793,22087.89264224863,150000
2026-01-23 09:15:00,000660,22087.89264224863,22189.99504377418,22061.38717107793,22163.398965016157,150000
2026-01-23 09:20:00,000660,22163.398965016157,22210.55148870823,22136.802886258138,22183.930771782092,150000
2026-01-23 09:25:00,000660,22183.930771782092,22284.849736395776,22157.310054855952,22258.139968433654,150000
2026-01-23 09:30:00,000660,22258.139968433654,22284.849736395776,22178.2949728559,22204.940901938226,150000
2026-01-23 09:35:00,000660,22204.940901938226,22288.009110268176,22178.2949728559,22261.295555601453,150000
2026-01-23 09:40:00,000660,22261.295555601453,22288.009110268176,22221.64223653754,22248.34024483134,150000
2026-01-23 09:45:00,000660,22248.34024483134,22278.785312743472,22221.64223653754,22252.08281336743,150000
2026-01-23 09:50:00,000660,22252.08281336743,22285.912869433723,22225.38031399139,22259.20182724103,150000
2026-01-23 09:55:00,000660,22259.20182724103,22290.521193449007,22232.490785048343,22263.80462789553,150000
2026-01-23 10:00:00,000660,22263.80462789553,22392.379263558043,22237.088062342056,22365.540614820256,150000
2026-01-23 10:05:00,000660,22365.540614820256,22429.608630082075,22338.701966082474,22402.725359650492,150000
2026-01-23 10:10:00,000660,22402.725359650492,22429.608630082075,22373.49167773107,22400.372124280206,150000
2026-01-23 10:15:00,000660,22400.372124280206,22509.507739941833,22373.49167773107,22482.52870549524,150000
2026-01-23 10:20:00,000660,22482.52870549524,22561.533065003812,22455.549671048644,22534.491674993817,150000
2026-01-23 10:25:00,000660,22534.491674993817,22561.533065003812,22486.756612640955,22513.773140409445,150000
2026-01-23 10:30:00,000660,22513.773140409445,22540.78966817794,22427.15244242099,22454.09735925209,150000
2026-01-23 10:35:00,000660,22454.09735925209,22534.51699289938,22427.15244242099,22507.507983319392,150000
2026-01-23 10:40:00,000660,22507.507983319392,22534.51699289938,22459.714528732446,22486.69856701286,150000
2026-01-23 10:45:00,000660,22486.69856701286,22537.4441903016,22459.714528732446,22510.431672294846,150000
2026-01-23 10:50:00,000660,22510.431672294846,22591.357857635463,22483.419154288094,22564.280720770537,150000
2026-01-23 10:55:00,000660,22564.280720770537,22619.81145873498,22537.20358390561,22592.70021847281,150000
2026-01-23 11:00:00,000660,22592.70021847281,22626.705172162994,22565.588978210646,22599.58566935976,150000
2026-01-23 11:05:00,000660,22599.58566935976,22683.022701849808,22572.46616655653,22655.835699010993,150000
2026-01-23 11:10:00,000660,22655.835699010993,22683.022701849808,22597.162428744236,22624.311602667436,150000
2026-01-23 11:15:00,000660,22624.311602667436,22738.80164209426,22597.162428744236,22711.547784752554,150000
2026-01-23 11:20:00,000660,22711.547784752554,22773.585443523883,22684.29392741085,22746.2898956491,150000
2026-01-23 11:25:00,000660,22746.2898956491,22773.585443523883,22691.740527314163,22719.00333131174,150000
2026-01-23 11:30:00,000660,22719.00333131174,22804.61561282601,22691.740527314163,22777.282873377957,150000
2026-01-23 11:35:00,000660,22777.282873377957,22853.198761082313,22749.950133929902,22825.807791732233,150000
2026-01-23 11:40:00,000660,22825.807791732233,22853.198761082313,22782.215527730514,22809.587032169115,150000
2026-01-23 11:45:00,000660,22809.587032169115,22894.050932949238,22782.215527730514,22866.610999749537,800000
2026-01-23 11:50:00,000660,22866.610999749537,22894.742932939487,22839.17106654984,22867.302170335082,150000
2026-01-23 11:55:00,000660,22867.302170335082,22927.714301494354,22839.86140773068,22900.234020669548,150000
2026-01-23 12:00:00,000660,22900.234020669548,22927.84164305769,22872.753739844746,22900.361209606162,150000
2026-01-23 12:05:00,000660,22900.361209606162,22927.84164305769,22828.220423919818,22855.647200560492,150000
2026-01-23 12:10:00,000660,22855.647200560492,22883.073977201166,22817.88941960183,22845.3037841428,150000
2026-01-23 12:15:00,000660,22845.3037841428,22877.61852827084,22817.88941960183,22850.19829032245,150000
2026-01-23 12:20:00,000660,22850.19829032245,22877.61852827084,22777.663718234162,22805.02975393889,150000
2026-01-23 12:25:00,000660,22805.02975393889,22859.86308179292,22777.663718234162,22832.464124843103,150000
2026-01-23 12:30:00,000660,22832.464124843103,22888.128875632116,22805.06516789329,22860.696040383653,150000
2026-01-23 12:35:00,000660,22860.696040383653,22943.23298685562,22833.263205135194,22915.734105928503,150000
2026-01-23 12:40:00,000660,22915.734105928503,23003.09291662895,22888.23522500139,22975.52228988109,150000
2026-01-23 12:45:00,000660,22975.52228988109,23060.60064892052,22947.951663133234,23032.96109560579,800000
2026-01-23 12:50:00,000660,23032.96109560579,23060.60064892052,22987.223513323144,23014.841322910637,150000
2026-01-23 12:55:00,000660,23014.841322910637,23043.036545310777,22987.223513323144,23015.418043658385,150000
2026-01-23 13:00:00,000660,23015.418043658385,23043.036545310777,22931.22997184333,22958.780508453474,150000
2026-01-23 13:05:00,000660,22958.780508453474,23028.391283856756,22931.22997184333,23000.79033545421,150000
2026-01-23 13:10:00,000660,23000.79033545421,23028.391283856756,22942.09460531971,22969.658195153894,150000
2026-01-23 13:15:00,000660,22969.658195153894,23033.0441677929,22942.09460531971,23005.437642621753,150000
2026-01-23 13:20:00,000660,23005.437642621753,23037.145604525784,22977.83111745061,23009.534163529544,150000
2026-01-23 13:25:00,000660,23009.534163529544,23069.915259394656,22981.92272253331,23042.26454194432,150000
2026-01-23 13:30:00,000660,23042.26454194432,23127.412934630276,23014.61382449399,23099.693302667074,150000
2026-01-23 13:35:00,000660,23099.693302667074,23127.412934630276,23040.455253622957,23068.13701804461,150000
2026-01-23 13:40:00,000660,23068.13701804461,23103.620247170158,23040.455253622957,23075.929132211502,150000
2026-01-23 13:45:00,000660,23075.929132211502,23161.379297788084,23048.23801725285,23133.61895504203,800000
2026-01-23 13:50:00,000660,23133.61895504203,23161.379297788084,23077.760234313217,23105.48681849541,150000
2026-01-23 13:55:00,000660,23105.48681849541,23187.991533304612,23077.760234313217,23160.19929415163,150000
2026-01-23 14:00:00,000660,23160.19929415163,23202.372477891688,23132.407054998646,23174.563002288938,150000
2026-01-23 14:05:00,000660,23174.563002288938,23218.531453995376,23146.753526686192,23190.70261086234,150000
2026-01-23 14:10:00,000660,23190.70261086234,23242.71517871707,23162.873767729307,23214.85734989719,150000
2026-01-23 14:15:00,000660,23214.85734989719,23242.71517871707,23133.184963914257,23160.97813767947,150000
2026-01-23 14:20:00,000660,23160.97813767947,23331.76972838148,23133.184963914257,23303.805162186854,150000
2026-01-23 14:25:00,000660,23303.805162186854,23331.76972838148,23249.28747212971,23277.22013629326,150000
2026-01-23 14:30:00,000660,23277.22013629326,23305.152800456814,23236.122599073813,23264.039446409504,150000
2026-01-23 14:35:00,000660,23264.039446409504,23291.9562937452,23184.695379839308,23212.550440367748,150000
2026-01-23 14:40:00,000660,23212.550440367748,23305.88121578134,23184.695379839308,23277.94767856706,150000
2026-01-23 14:45:00,000660,23277.94767856706,23305.88121578134,23187.66540743069,23215.52403627422,150000
2026-01-23 14:50:00,000660,23215.52403627422,23254.1545853783,23187.66540743069,23226.28304572343,150000
2026-01-23 14:55:00,000660,23226.28304572343,23254.1545853783,23167.613361139098,23195.44789861744,150000
2026-01-23 15:00:00,000660,23195.44789861744,23223.282436095782,23141.569098839554,23169.372345654338,150000
2026-01-23 15:05:00,000660,23169.372345654338,23263.70983015627,23141.569098839554,23235.826837950724,150000
2026-01-23 15:10:00,000660,23235.826837950724,23263.70983015627,23203.00005291527,23230.8771054418,150000
2026-01-23 15:15:00,000660,23230.8771054418,23258.75415796833,23179.365644165297,23207.214301326887,150000
2026-01-23 09:00:00,035420,22000.0,22058.247065955784,21973.600000000002,22031.808895281443,150000
2026-01-23 09:05:00,035420,22031.808895281443,22081.11191890595,22005.370724607106,22054.646343293996,150000
2026-01-23 09:10:00,035420,22054.646343293996,22130.81472410876,22028.180767682043,22104.28957661682,150000
2026-01-23 09:15:00,035420,22104.28957661682,22138.461691483084,22077.76442912488,22111.927378628727,150000
2026-01-23 09:20:00,035420,22111.927378628727,22160.14382271453,22085.393065774373,22133.583522487545,150000
2026-01-23 09:25:00,035420,22133.583522487545,22160.14382271453,22078.79346466616,22105.31984848434,150000
2026-01-23 09:30:00,035420,22105.31984848434,22131.846232302523,22066.474235133068,22092.985818114805,150000
2026-01-23 09:35:00,035420,22092.985818114805,22119.497401096545,22017.40773483781,22043.860367278543,150000
2026-01-23 09:40:00,035420,22043.860367278543,22089.468907975537,22017.40773483781,22062.99331599634,150000
2026-01-23 09:45:00,035420,22062.99331599634,22100.758623608806,22036.517724017143,22074.269500208553,150000
2026-01-23 09:50:00,035420,22074.269500208553,22140.10127782669,22047.780376808303,22113.564999826893,150000
2026-01-23 09:55:00,035420,22113.564999826893,22159.888088571573,22087.0287218271,22133.32809485774,150000
2026-01-23 10:00:00,035420,22133.32809485774,22159.888088571573,22105.04629389374,22131.60421895649,150000
2026-01-23 10:05:00,035420,22131.60421895649,22162.87795558847,22105.04629389374,22136.314378334464,150000
2026-01-23 10:10:00,035420,22136.314378334464,22162.87795558847,22083.6755401693,22110.20778951672,150000
2026-01-23 10:15:00,035420,22110.20778951672,22136.740038864144,22057.26861835057,22083.769141320154,150000
2026-01-23 10:20:00,035420,22083.769141320154,22110.26966428974,22032.706812173652,22059.17782556433,150000
2026-01-23 10:25:00,035420,22059.17782556433,22085.648838955007,22017.59999177566,22044.052855201902,150000
2026-01-23 10:30:00,035420,22044.052855201902,22070.50571862815,21951.569187153724,21977.942718415823,150000
2026-01-23 10:35:00,035420,21977.942718415823,22073.76531157347,21951.569187153724,22047.308541323877,150000
2026-01-23 10:40:00,035420,22047.308541323877,22136.638458753656,22020.85177107429,22110.106331156265,150000
2026-01-23 10:45:00,035420,22110.106331156265,22210.107004403715,22083.574203558877,22183.48682021945,150000
2026-01-23 10:50:00,035420,22183.48682021945,22216.79667196075,22156.866636035185,22190.16846979699,150000
2026-01-23 10:55:00,035420,22190.16846979699,22277.80078339541,22163.540267633234,22251.09946403856,150000
2026-01-23 11:00:00,035420,22251.09946403856,22277.80078339541,22190.05716485155,22216.717225522178,150000
2026-01-23 11:05:00,035420,22216.717225522178,22243.377286192805,22172.012234110414,22198.650614848233,150000
2026-01-23 11:10:00,035420,22198.650614848233,22225.288995586052,22129.744066384446,22156.331664381705,150000
2026-01-23 11:15:00,035420,22156.331664381705,22182.919262378964,22107.696970480625,22134.258080176838,150000
2026-01-23 11:20:00,035420,22134.258080176838,22178.106362822895,22107.696970480625,22151.524533382835,150000
2026-01-23 11:25:00,035420,22151.524533382835,22178.106362822895,22076.549084025395,22103.072771351017,150000
2026-01-23 11:30:00,035420,22103.072771351017,22190.846092451964,22076.549084025395,22164.24899365957,150000
2026-01-23 11:35:00,035420,22164.24899365957,22190.846092451964,22114.419805584403,22140.988992375253,150000
2026-01-23 11:40:00,035420,22140.988992375253,22191.95344591634,22114.419805584403,22165.355019892468,150000
2026-01-23 11:45:00,035420,22165.355019892468,22247.43332953113,22138.7565938686,22220.768407442196,800000
2026-01-23 11:50:00,035420,22220.768407442196,22301.355437592956,22194.103485353266,22274.62588652912,150000
2026-01-23 11:55:00,035420,22274.62588652912,22341.581365580685,22247.896335465284,22314.803601259173,150000
2026-01-23 12:00:00,035420,22314.803601259173,22341.581365580685,22212.642168451886,22239.329363688314,150000
2026-01-23 12:05:00,035420,22239.329363688314,22284.245654469356,22212.642168451886,22257.53661053671,150000
2026-01-23 12:10:00,035420,22257.53661053671,22298.405715712965,22230.827566604068,22271.679700072877,150000
2026-01-23 12:15:00,035420,22271.679700072877,22298.405715712965,22162.8052595827,22189.43257867711,150000
2026-01-23 12:20:00,035420,22189.43257867711,22223.423122013166,22162.8052595827,22196.786977639997,150000
2026-01-23 12:25:00,035420,22196.786977639997,22223.423122013166,22165.330115299013,22191.960467860445,150000
2026-01-23 12:30:00,035420,22191.960467860445,22218.59082042188,22162.106272636407,22188.732751938733,150000
2026-01-23 12:35:00,035420,22188.732751938733,22234.815357542822,22162.106272636407,22208.165558872173,150000
2026-01-23 12:40:00,035420,22208.165558872173,22234.815357542822,22140.067843117562,22166.667844531,150000
2026-01-23 12:45:00,035420,22166.667844531,22248.7510155593,22140.067843117562,22222.084514142327,800000
2026-01-23 12:50:00,035420,22222.084514142327,22282.938330750625,22195.418012725357,22256.230853726152,150000
2026-01-23 12:55:00,035420,22256.230853726152,22282.938330750625,22207.311298750014,22233.99208925712,150000
2026-01-23 13:00:00,035420,22233.99208925712,22260.67287976423,22190.220247431036,22216.88050403588,150000
2026-01-23 13:05:00,035420,22216.88050403588,22315.98046675849,22190.220247431036,22289.233386694454,150000
2026-01-23 13:10:00,035420,22289.233386694454,22315.98046675849,22234.831884784595,22261.5457396722,150000
2026-01-23 13:15:00,035420,22261.5457396722,22288.25959455981,22226.738152041115,22253.442282780452,150000
2026-01-23 13:20:00,035420,22253.442282780452,22280.14641351979,22213.237147571162,22239.925057640332,150000
2026-01-23 13:25:00,035420,22239.925057640332,22272.00110978715,22213.237147571162,22245.306741697113,150000
2026-01-23 13:30:00,035420,22245.306741697113,22299.74107835707,22218.612373607077,22273.013462202427,150000
2026-01-23 13:35:00,035420,22273.013462202427,22333.0279895494,22246.285846047784,22306.260476977026,150000
2026-01-23 13:40:00,035420,22306.260476977026,22333.0279895494,22220.356811736117,22247.053275666916,150000
2026-01-23 13:45:00,035420,22247.053275666916,22329.43411394671,22220.356811736117,22302.670908856082,800000
2026-01-23 13:50:00,035420,22302.670908856082,22329.43411394671,22225.963028525362,22252.66622799896,150000
2026-01-23 13:55:00,035420,22252.66622799896,22279.36942747256,22190.8808858916,22217.54193621506,150000
2026-01-23 14:00:00,035420,22217.54193621506,22244.20298653852,22131.264973909034,22157.854399188058,150000
2026-01-23 14:05:00,035420,22157.854399188058,22188.728169198115,22131.264973909034,22162.133608867473,150000
2026-01-23 14:10:00,035420,22162.133608867473,22188.728169198115,22059.174742138664,22085.67755520491,150000
2026-01-23 14:15:00,035420,22085.67755520491,22145.186115977802,22059.174742138664,22118.643743485616,150000
2026-01-23 14:20:00,035420,22118.643743485616,22145.186115977802,22041.71875063871,22068.200591348326,150000
2026-01-23 14:25:00,035420,22068.200591348326,22134.605649028712,22041.71875063871,22108.075957879253,150000
2026-01-23 14:30:00,035420,22108.075957879253,22155.828053080248,22081.546266729798,22129.272925569563,150000
2026-01-23 14:35:00,035420,22129.272925569563,22155.828053080248,22100.114111223727,22126.666110556394,150000
2026-01-23 14:40:00,035420,22126.666110556394,22184.312859620462,22100.114111223727,22157.72359131089,150000
2026-01-23 14:45:00,035420,22157.72359131089,22184.312859620462,22113.903681022828,22140.472247720092,150000
2026-01-23 14:50:00,035420,22140.472247720092,22251.324433089798,22113.903681022828,22224.65484727307,150000
2026-01-23 14:55:00,035420,22224.65484727307,22254.58975012441,22197.985261456342,22227.91625062366,150000
2026-01-23 15:00:00,035420,22227.91625062366,22271.28016669168,22201.242751122914,22244.58666269644,150000
2026-01-23 15:05:00,035420,22244.58666269644,22310.664110728267,22217.893158701205,22283.92340264509,150000
2026-01-23 15:10:00,035420,22283.92340264509,22391.037286910996,22257.182694561918,22364.200246615055,150000
2026-01-23 15:15:00,035420,22364.200246615055,22487.079244669945,22337.363206319118,22460.127092159353,150000
2026-01-26 09:00:00,005930,22000.0,22026.4,21939.536033956974,21965.89510808668,150000
2026-01-26 09:05:00,005930,21965.89510808668,22039.26124828064,21939.536033956974,22012.845833280702,150000
2026-01-26 09:10:00,005930,22012.845833280702,22080.73105546609,21986.430418280765,22054.26593634248,150000
2026-01-26 09:15:00,005930,22054.26593634248,22082.610939512917,22027.800817218867,22056.143567232237,150000
2026-01-26 09:20:00,005930,22056.143567232237,22082.610939512917,22021.162105115473,22047.619248213327,150000
2026-01-26 09:25:00,005930,22047.619248213327,22096.344869506935,22021.162105115473,22069.861036263417,150000
2026-01-26 09:30:00,005930,22069.861036263417,22159.401925465627,22043.3772030199,22132.842514448286,150000
2026-01-26 09:35:00,005930,22132.842514448286,22189.991910747158,22106.28310343095,22163.395835744264,150000
2026-01-26 09:40:00,005930,22163.395835744264,22189.991910747158,22100.09398245294,22126.645957602064,150000
2026-01-26 09:45:00,005930,22126.645957602064,22160.30103551978,22100.09398245294,22133.74054686354,150000
2026-01-26 09:50:00,005930,22133.74054686354,22160.30103551978,22079.443141660653,22105.970306027884,150000
2026-01-26 09:55:00,005930,22105.970306027884,22141.12191001563,22079.443141660653,22114.584408725157,150000
2026-01-26 10:00:00,005930,22114.584408725157,22153.62066528479,22088.046907434687,22127.06818346463,150000
2026-01-26 10:05:00,005930,22127.06818346463,22161.303888243514,22100.515701644475,22134.742197606385,150000
2026-01-26 10:10:00,005930,22134.742197606385,22194.23745811806,22108.180506969256,22167.63629456458,150000
2026-01-26 10:15:00,005930,22167.63629456458,22238.344562320795,22141.035131011104,22211.690533680376,150000
2026-01-26 10:20:00,005930,22211.690533680376,22266.99885615584,22185.03650503996,22240.310483575548,150000
2026-01-26 10:25:00,005930,22240.310483575548,22269.395546012835,22213.622110995257,22242.704300851812,150000
2026-01-26 10:30:00,005930,22242.704300851812,22285.914335256643,22216.01305569079,22259.203291307073,150000
2026-01-26 10:35:00,005930,22259.203291307073,22298.953677046386,22232.492247357506,22272.227004640816,150000
2026-01-26 10:40:00,005930,22272.227004640816,22311.71641618697,22245.500332235246,22284.974446850745,150000
2026-01-26 10:45:00,005930,22284.974446850745,22347.68028919117,22258.232477514524,22320.895214933247,150000
2026-01-26 10:50:00,005930,22320.895214933247,22386.342239563735,22294.110140675326,22359.510826571848,150000
2026-01-26 10:55:00,005930,22359.510826571848,22389.512859466566,22332.67941357996,22362.677646291013,150000
2026-01-26 11:00:00,005930,22362.677646291013,22438.852289770795,22335.842433115464,22411.9579402425,150000
2026-01-26 11:05:00,005930,22411.9579402425,22487.888942616937,22385.06359071421,22460.935819633374,150000
2026-01-26 11:10:00,005930,22460.935819633374,22487.888942616937,22415.787192140735,22442.718454285878,150000
2026-01-26 11:15:00,005930,22442.718454285878,22486.030787848616,22415.787192140735,22459.07989197824,150000
2026-01-26 11:20:00,005930,22459.07989197824,22604.042261714487,22432.128996107866,22576.949921808315,150000
2026-01-26 11:25:00,005930,22576.949921808315,22617.43503675637,22549.857581902146,22590.326644782628,150000
2026-01-26 11:30:00,005930,22590.326644782628,22617.43503675637,22541.099299010446,22568.181116350064,150000
2026-01-26 11:35:00,005930,22568.181116350064,22595.262933689686,22539.19540298178,22566.27493290126,150000
2026-01-26 11:40:00,005930,22566.27493290126,22593.354462820742,22499.337523933984,22526.369166934306,150000
2026-01-26 11:45:00,005930,22526.369166934306,22609.784311959465,22499.337523933984,22582.685089851642,800000
2026-01-26 11:50:00,005930,22582.685089851642,22674.24797491566,22555.58586774382,22647.071489128703,150000
2026-01-26 11:55:00,005930,22647.071489128703,22731.006689624915,22619.89500334175,22703.762175014894,150000
2026-01-26 12:00:00,005930,22703.762175014894,22731.006689624915,22673.939676521783,22701.181093834384,150000
2026-01-26 12:05:00,005930,22701.181093834384,22728.422511146986,22642.2232344621,22669.42654631768,150000
2026-01-26 12:10:00,005930,22669.42654631768,22779.740393993117,22642.2232344621,22752.43746903028,150000
2026-01-26 12:15:00,005930,22752.43746903028,22779.740393993117,22696.236844035837,22723.50505009595,150000
2026-01-26 12:20:00,005930,22723.50505009595,22750.77325615607,22644.12901147088,22671.334613006486,150000
2026-01-26 12:25:00,005930,22671.334613006486,22704.08815594054,22644.12901147088,22676.87590485471,150000
2026-01-26 12:30:00,005930,22676.87590485471,22704.08815594054,22630.64504789794,22657.834449237023,150000
2026-01-26 12:35:00,005930,22657.834449237023,22721.31427012307,22630.64504789794,22694.0813724761,150000
2026-01-26 12:40:00,005930,22694.0813724761,22735.44442636248,22666.848474829127,22708.194592851054,150000
2026-01-26 12:45:00,005930,22708.194592851054,22792.283037428384,22680.944759339633,22764.965079333182,800000
2026-01-26 12:50:00,005930,22764.965079333182,22807.015554402795,22737.647121237984,22779.67993847662,150000
2026-01-26 12:55:00,005930,22779.67993847662,22807.015554402795,22723.524035088092,22750.825025118233,150000
2026-01-26 13:00:00,005930,22750.825025118233,22833.28166023713,22723.524035088092,22805.914562761816,150000
2026-01-26 13:05:00,005930,22805.914562761816,22833.28166023713,22710.914923733984,22738.200764651567,150000
2026-01-26 13:10:00,005930,22738.200764651567,22765.48660556915,22704.166218624658,22731.4439513663,150000
2026-01-26 13:15:00,005930,22731.4439513663,22773.64016280101,22704.166218624658,22746.344549341797,150000
2026-01-26 13:20:00,005930,22746.344549341797,22773.64016280101,22670.482515303513,22697.719779038358,150000
2026-01-26 13:25:00,005930,22697.719779038358,22724.957042773207,22633.047128470214,22660.239415769138,150000
2026-01-26 13:30:00,005930,22660.239415769138,22687.43170306806,22588.425660000445,22615.56433720509,150000
2026-01-26 13:35:00,005930,22615.56433720509,22642.70301440974,22585.228669742366,22612.363505949506,150000
2026-01-26 13:40:00,005930,22612.363505949506,22639.498342156647,22553.49838713481,22580.595101256316,150000
2026-01-26 13:45:00,005930,22580.595101256316,22664.21104491627,22553.49838713481,22637.046589009457,800000
2026-01-26 13:50:00,005930,22637.046589009457,22698.505086388963,22609.882133102645,22671.299526956613,150000
2026-01-26 13:55:00,005930,22671.299526956613,22699.972765150727,22644.093967524266,22672.765446614787,150000
2026-01-26 14:00:00,005930,22672.765446614787,22699.972765150727,22640.93811593306,22668.13988379361,150000
2026-01-26 14:05:00,005930,22668.13988379361,22795.559884148995,22640.93811593306,22768.237998550732,150000
2026-01-26 14:10:00,005930,22768.237998550732,22850.7917684953,22740.916112952473,22823.40368407441,150000
2026-01-26 14:15:00,005930,22823.40368407441,22850.7917684953,22792.00728338717,22819.39055204963,150000
2026-01-26 14:20:00,005930,22819.39055204963,22851.702918088144,22792.00728338717,22824.313741598224,150000
2026-01-26 14:25:00,005930,22824.313741598224,22851.702918088144,22765.415200216226,22792.766520040273,150000
2026-01-26 14:30:00,005930,22792.766520040273,22836.29986674528,22765.415200216226,22808.929151763165,150000
2026-01-26 14:35:00,005930,22808.929151763165,22836.29986674528,22781.184066193706,22808.554331391377,150000
2026-01-26 14:40:00,005930,22808.554331391377,22856.979101382272,22781.184066193706,22829.583601060996,150000
2026-01-26 14:45:00,005930,22829.583601060996,22856.979101382272,22784.895746190425,22812.27047075533,150000
2026-01-26 14:50:00,005930,22812.27047075533,22904.338628879883,22784.895746190425,22876.88636524159,150000
2026-01-26 14:55:00,005930,22876.88636524159,22904.338628879883,22829.00916980755,22856.436894080445,150000
2026-01-26 15:00:00,005930,22856.436894080445,22883.864618353346,22796.507614407663,22823.89628995561,150000
2026-01-26 15:05:00,005930,22823.89628995561,22851.284965503557,22755.48389217571,22782.823280111843,150000
2026-01-26 15:10:00,005930,22782.823280111843,22810.16266804798,22722.66076580651,22749.960718668914,150000
2026-01-26 15:15:00,005930,22749.960718668914,22777.26067153132,22717.770828786095,22745.064906674103,150000
2026-01-26 09:00:00,000660,22000.0,22026.4,21934.047289458067,21960.399769181084,150000
2026-01-26 09:05:00,000660,21960.399769181084,22015.692893749147,21934.047289458067,21989.305726876893,150000
2026-01-26 09:10:00,000660,21989.305726876893,22023.32442283204,21962.91856000464,21996.928109101118,150000
2026-01-26 09:15:00,000660,21996.928109101118,22063.69820037808,21970.531795370196,22037.253496182657,150000
2026-01-26 09:20:00,000660,22037.253496182657,22063.69820037808,21935.063176565036,21961.416876817217,150000
2026-01-26 09:25:00,000660,21961.416876817217,22019.926418400908,21935.063176565036,21993.53417738804,150000
2026-01-26 09:30:00,000660,21993.53417738804,22019.926418400908,21869.62207193963,21895.89714851785,150000
2026-01-26 09:35:00,000660,21895.89714851785,21941.36252367905,21869.62207193963,21915.064446343436,150000
2026-01-26 09:40:00,000660,21915.064446343436,21941.36252367905,21870.407629017605,21896.68364939688,150000
2026-01-26 09:45:00,000660,21896.68364939688,21956.58099393683,21870.407629017605,21930.264676325238,150000
2026-01-26 09:50:00,000660,21930.264676325238,21965.669632723882,21903.94835871365,21939.3424218177,150000
2026-01-26 09:55:00,000660,21939.3424218177,22028.692051383183,21913.01521091152,22002.28930421812,150000
2026-01-26 10:00:00,000660,22002.28930421812,22028.692051383183,21908.360069067934,21934.681687092445,150000
2026-01-26 10:05:00,000660,21934.681687092445,21961.00330511696,21887.97986373153,21914.276996126882,150000
2026-01-26 10:10:00,000660,21914.276996126882,21947.721772183908,21887.97986373153,21921.41607289643,150000
2026-01-26 10:15:00,000660,21921.41607289643,21954.304317802023,21895.110373608957,21927.990728927307,150000
2026-01-26 10:20:00,000660,21927.990728927307,21964.400609720586,21901.677140052594,21938.074919816805,150000
2026-01-26 10:25:00,000660,21938.074919816805,22026.105649351466,21911.749229913024,21999.706002148887,150000
2026-01-26 10:30:00,000660,21999.706002148887,22074.402885909287,21973.306354946308,22047.9453514875,150000
2026-01-26 10:35:00,000660,22047.9453514875,22074.402885909287,22019.61400204386,22046.069285186084,150000
2026-01-26 10:40:00,000660,22046.069285186084,22072.52456832831,21997.57426239707,22024.00306607636,150000
2026-01-26 10:45:00,000660,22024.00306607636,22105.031497215357,21997.57426239707,22078.537252512342,150000
2026-01-26 10:50:00,000660,22078.537252512342,22105.031497215357,22047.257626582952,22073.746121929267,150000
2026-01-26 10:55:00,000660,22073.746121929267,22100.234617275586,22039.538787645222,22066.018009256328,150000
2026-01-26 11:00:00,000660,22066.018009256328,22099.42771173852,22039.538787645222,22072.940183518298,150000
2026-01-26 11:05:00,000660,22072.940183518298,22099.42771173852,22042.848803389403,22069.332001791554,150000
2026-01-26 11:10:00,000660,22069.332001791554,22132.941968323463,22042.848803389403,22106.414271198024,150000
2026-01-26 11:15:00,000660,22106.414271198024,22132.941968323463,22072.808506236535,22099.327699475907,150000
2026-01-26 11:20:00,000660,22099.327699475907,22161.57365172939,22072.808506236535,22135.011637764073,150000
2026-01-26 11:25:00,000660,22135.011637764073,22186.367549556613,22108.44962379876,22159.775818574322,150000
2026-01-26 11:30:00,000660,22159.775818574322,22207.534402017856,22133.184087592035,22180.917301256348,150000
2026-01-26 11:35:00,000660,22180.917301256348,22247.34519113554,22154.30020049484,22220.680374685915,150000
2026-01-26 11:40:00,000660,22220.680374685915,22278.293738017604,22194.015558236293,22251.591827824213,150000
2026-01-26 11:45:00,000660,22251.591827824213,22333.989472362646,22224.889917630826,22307.220807393773,800000
2026-01-26 11:50:00,000660,22307.220807393773,22351.6653425699,22280.4521424249,22324.875491979525,150000
2026-01-26 11:55:00,000660,22324.875491979525,22401.112431008914,22298.08564138915,22374.263315030876,150000
2026-01-26 12:00:00,000660,22374.263315030876,22401.112431008914,22317.30568254493,22344.118624894803,150000
2026-01-26 12:05:00,000660,22344.118624894803,22461.81229541858,22317.30568254493,22434.890426906288,150000
2026-01-26 12:10:00,000660,22434.890426906288,22469.866058708074,22407.968558394,22442.934537263354,150000
2026-01-26 12:15:00,000660,22442.934537263354,22469.866058708074,22415.7568994115,22442.688125161694,150000
2026-01-26 12:20:00,000660,22442.688125161694,22542.898111291266,22415.7568994115,22515.879056423557,150000
2026-01-26 12:25:00,000660,22515.879056423557,22608.760540740295,22488.860001555848,22581.66254568547,150000
2026-01-26 12:30:00,000660,22581.66254568547,22627.92878033653,22554.56455063065,22600.80781096337,150000
2026-01-26 12:35:00,000660,22600.80781096337,22678.031495052015,22573.686841590217,22650.850474482635,150000
2026-01-26 12:40:00,000660,22650.850474482635,22736.759771723315,22623.669453913255,22709.508361689284,150000
2026-01-26 12:45:00,000660,22709.508361689284,22793.60167115262,22682.256951655258,22766.282132593507,800000
2026-01-26 12:50:00,000660,22766.282132593507,22885.64809278022,22738.962594034394,22858.218230903134,150000
2026-01-26 12:55:00,000660,22858.218230903134,22934.002052148135,22830.78836902605,22906.514235066054,150000
2026-01-26 13:00:00,000660,22906.514235066054,22957.73687511285,22879.026417983976,22930.22061038039,150000
2026-01-26 13:05:00,000660,22930.22061038039,23020.476209517994,22902.704345647933,22992.884747820608,150000
2026-01-26 13:10:00,000660,22992.884747820608,23020.476209517994,22939.61280514343,22967.173413239318,150000
2026-01-26 13:15:00,000660,22967.173413239318,23039.126312874538,22939.61280514343,23011.512497877084,150000
2026-01-26 13:20:00,000660,23011.512497877084,23088.924110766817,22983.898682879633,23061.250610034775,150000
2026-01-26 13:25:00,000660,23061.250610034775,23088.924110766817,22981.359477474492,23008.97024176461,150000
2026-01-26 13:30:00,000660,23008.97024176461,23051.03672712246,22981.359477474492,23023.408636758348,150000
2026-01-26 13:35:00,000660,23023.408636758348,23073.58949872652,22995.78054639424,23045.93437747355,150000
2026-01-26 13:40:00,000660,23045.93437747355,23073.58949872652,22998.573229630532,23026.20467524082,150000
2026-01-26 13:45:00,000660,23026.20467524082,23111.47071115324,22998.573229630532,23083.770186928923,800000
2026-01-26 13:50:00,000660,23083.770186928923,23111.47071115324,23055.01041664416,23082.709668246054,150000
2026-01-26 13:55:00,000660,23082.709668246054,23143.87266883741,23055.01041664416,23116.13330886677,150000
2026-01-26 14:00:00,000660,23116.13330886677,23170.97410590185,23088.39394889613,23143.202263186024,150000
2026-01-26 14:05:00,000660,23143.202263186024,23204.916173555128,23115.430420470202,23177.103649176115,150000
2026-01-26 14:10:00,000660,23177.103649176115,23230.89436336671,23149.291124797106,23203.05070252368,150000
2026-01-26 14:15:00,000660,23203.05070252368,23233.895043506982,23175.207041680653,23206.047786163585,150000
2026-01-26 14:20:00,000660,23206.047786163585,23267.574849807854,23178.200528820187,23239.687225137688,150000
2026-01-26 14:25:00,000660,23239.687225137688,23331.75698434068,23211.799600467522,23303.792433420575,150000
2026-01-26 14:30:00,000660,23303.792433420575,23331.75698434068,23229.072246573014,23256.980623321,150000
2026-01-26 14:35:00,000660,23256.980623321,23284.889000068986,23224.193758172634,23252.096273701074,150000
2026-01-26 14:40:00,000660,23252.096273701074,23279.998789229518,23221.29970382731,23249.19874231809,150000
2026-01-26 14:45:00,000660,23249.19874231809,23277.097780808876,23131.2888673128,23159.079763028432,150000
2026-01-26 14:50:00,000660,23159.079763028432,23241.295887188433,23131.2888673128,23213.43975947706,150000
2026-01-26 14:55:00,000660,23213.43975947706,23241.295887188433,23184.66947447662,23212.52450388128,150000
2026-01-26 15:00:00,000660,23212.52450388128,23252.28705842204,23184.66947447662,23224.4177571135,150000
2026-01-26 15:05:00,000660,23224.4177571135,23252.28705842204,23169.651702653628,23197.488689080525,150000
2026-01-26 15:10:00,000660,23197.488689080525,23225.32567550742,23151.254022862875,23179.068905549535,150000
2026-01-26 15:15:00,000660,23179.068905549535,23245.526009888385,23151.254022862875,23217.664812113846,150000
2026-01-26 09:00:00,035420,22000.0,22062.614691783343,21973.600000000002,22036.171286239853,150000
2026-01-26 09:05:00,035420,22036.171286239853,22087.991031254387,22009.727880696366,22061.51721060166,150000
2026-01-26 09:10:00,035420,22061.51721060166,22087.991031254387,22021.045584610256,22047.502587715513,150000
2026-01-26 09:15:00,035420,22047.502587715513,22077.91440523836,22021.045584610256,22051.452662043906,150000
2026-01-26 09:20:00,035420,22051.452662043906,22077.91440523836,22006.65499427035,22033.094707919852,150000
2026-01-26 09:25:00,035420,22033.094707919852,22059.99067074725,22006.65499427035,22033.550410254942,150000
2026-01-26 09:30:00,035420,22033.550410254942,22117.655098786825,22007.110149762637,22091.14572391812,150000
2026-01-26 09:35:00,035420,22091.14572391812,22145.582084886228,22064.636349049422,22119.039237800866,150000
2026-01-26 09:40:00,035420,22119.039237800866,22145.582084886228,22083.987465619284,22110.520089726957,150000
2026-01-26 09:45:00,035420,22110.520089726957,22162.57553090211,22083.987465619284,22136.012316122764,150000
2026-01-26 09:50:00,035420,22136.012316122764,22162.57553090211,22069.334408651226,22095.849427964782,150000
2026-01-26 09:55:00,035420,22095.849427964782,22122.36444727834,22055.19012235661,22081.68814813437,150000
2026-01-26 10:00:00,035420,22081.68814813437,22133.052850560318,22055.19012235661,22106.52502053567,150000
2026-01-26 10:05:00,035420,22106.52502053567,22160.755226534642,22079.99719051103,22134.194193502437,150000
2026-01-26 10:10:00,035420,22134.194193502437,22160.756530024344,22107.633160470235,22134.195495429827,150000
2026-01-26 10:15:00,035420,22134.195495429827,22205.3786733788,22107.63446083531,22178.764156391127,150000
2026-01-26 10:20:00,035420,22178.764156391127,22258.79726118647,22152.14963940346,22232.118718724,150000
2026-01-26 10:25:00,035420,22232.118718724,22281.115069710606,22205.44017626153,22254.40977797703,150000
2026-01-26 10:30:00,035420,22254.40977797703,22306.47591488111,22227.70448624346,22279.740226609178,150000
2026-01-26 10:35:00,035420,22279.740226609178,22322.353405353795,22253.004538337245,22295.59868692948,150000
2026-01-26 10:40:00,035420,22295.59868692948,22322.353405353795,22241.978484044565,22268.70092515475,150000
2026-01-26 10:45:00,035420,22268.70092515475,22295.42336626494,22221.09639014417,22247.79374263533,150000
2026-01-26 10:50:00,035420,22247.79374263533,22274.491095126494,22215.202812864518,22241.893084565996,150000
2026-01-26 10:55:00,035420,22241.893084565996,22320.030877086258,22215.202812864518,22293.278942355428,150000
2026-01-26 11:00:00,035420,22293.278942355428,22320.836139402727,22266.5270076246,22294.08323951531,150000
2026-01-26 11:05:00,035420,22294.08323951531,22352.083997859903,22267.33033962789,22325.29364548532,150000
2026-01-26 11:10:00,035420,22325.29364548532,22352.083997859903,22277.379618337643,22304.14459184786,150000
2026-01-26 11:15:00,035420,22304.14459184786,22343.884988167527,22277.379618337643,22317.10446281215,150000
2026-01-26 11:20:00,035420,22317.10446281215,22346.313715157772,22290.323937456775,22319.530278823182,150000
2026-01-26 11:25:00,035420,22319.530278823182,22346.313715157772,22285.719542108724,22312.494535551385,150000
2026-01-26 11:30:00,035420,22312.494535551385,22404.56651184873,22285.719542108724,22377.7132559416,150000
2026-01-26 11:35:00,035420,22377.7132559416,22404.56651184873,22328.283600346756,22355.109732025187,150000
2026-01-26 11:40:00,035420,22355.109732025187,22435.192386043636,22328.283600346756,22408.302423135872,150000
2026-01-26 11:45:00,035420,22408.302423135872,22491.280367008745,22381.412460228108,22464.32317919371,800000
2026-01-26 11:50:00,035420,22464.32317919371,22491.280367008745,22410.789064260927,22437.714321446663,150000
2026-01-26 11:55:00,035420,22437.714321446663,22464.639578632403,22403.3280513551,22430.244344568582,150000
2026-01-26 12:00:00,035420,22430.244344568582,22470.45898002054,22403.3280513551,22443.52674792303,150000
2026-01-26 12:05:00,035420,22443.52674792303,22470.45898002054,22379.07316430834,22405.960316688368,150000
2026-01-26 12:10:00,035420,22405.960316688368,22432.847469068394,22359.90266516608,22386.76678530845,150000
2026-01-26 12:15:00,035420,22386.76678530845,22425.702779441977,22359.90266516608,22398.824190413477,150000
2026-01-26 12:20:00,035420,22398.824190413477,22425.702779441977,22324.88199117,22351.704036013216,150000
2026-01-26 12:25:00,035420,22351.704036013216,22378.526080856434,22277.55691983602,22304.322106363656,150000
2026-01-26 12:30:00,035420,22304.322106363656,22392.688563935797,22277.55691983602,22365.849544482415,150000
2026-01-26 12:35:00,035420,22365.849544482415,22392.688563935797,22314.931328408347,22341.74141811008,150000
2026-01-26 12:40:00,035420,22341.74141811008,22368.551507811815,22297.090001904427,22323.878656291978,150000
2026-01-26 12:45:00,035420,22323.878656291978,22406.543978956226,22297.090001904427,22379.688352932706,800000
2026-01-26 12:50:00,035420,22379.688352932706,22413.962425320937,22352.832726909186,22387.097907831536,150000
2026-01-26 12:55:00,035420,22387.097907831536,22436.42494263568,22360.23339034214,22409.533502432758,150000
2026-01-26 13:00:00,035420,22409.533502432758,22453.792081093317,22382.64206222984,22426.879825302953,150000
2026-01-26 13:05:00,035420,22426.879825302953,22468.14941926044,22399.967569512588,22441.21995531406,150000
2026-01-26 13:10:00,035420,22441.21995531406,22535.636274403994,22414.290491367683,22508.625923296036,150000
2026-01-26 13:15:00,035420,22508.625923296036,22554.44524149493,22481.615572188082,22527.412346678913,150000
2026-01-26 13:20:00,035420,22527.412346678913,22554.44524149493,22450.838795674394,22477.81217027873,150000
2026-01-26 13:25:00,035420,22477.81217027873,22513.381170218792,22450.838795674394,22486.39749322692,150000
2026-01-26 13:30:00,035420,22486.39749322692,22513.381170218792,22440.17886613939,22467.139433459542,150000
2026-01-26 13:35:00,035420,22467.139433459542,22494.100000779697,22431.970378831385,22458.921084132344,150000
2026-01-26 13:40:00,035420,22458.921084132344,22523.367169852896,22431.970378831385,22496.371524024064,150000
2026-01-26 13:45:00,035420,22496.371524024064,22579.67558777753,22469.375878195235,22552.612452834124,800000
2026-01-26 13:50:00,035420,22552.612452834124,22652.798904595355,22525.549317890724,22625.64812684314,150000
2026-01-26 13:55:00,035420,22625.64812684314,22652.798904595355,22587.760871117425,22614.898749616965,150000
2026-01-26 14:00:00,035420,22614.898749616965,22642.036628116508,22574.191329074696,22601.312904560167,150000
2026-01-26 14:05:00,035420,22601.312904560167,22685.570485559605,22574.191329074696,22658.380429044748,150000
2026-01-26 14:10:00,035420,22658.380429044748,22687.7066575884,22631.190372529894,22660.51404073951,150000
2026-01-26 14:15:00,035420,22660.51404073951,22718.388572062493,22633.321423890622,22691.159181045237,150000
2026-01-26 14:20:00,035420,22691.159181045237,22801.967058787264,22663.929790027985,22774.637493794708,150000
2026-01-26 14:25:00,035420,22774.637493794708,22847.67401216356,22747.307928802154,22820.289664566077,150000
2026-01-26 14:30:00,035420,22820.289664566077,22859.749280650765,22792.905316968598,22832.350460098645,150000
2026-01-26 14:35:00,035420,22832.350460098645,22895.084329126734,22804.95163954653,22867.643157337927,150000
2026-01-26 14:40:00,035420,22867.643157337927,22933.754042502598,22840.201985549123,22906.266522675385,150000
2026-01-26 14:45:00,035420,22906.266522675385,22933.754042502598,22856.92155827587,22884.382817657057,150000
2026-01-26 14:50:00,035420,22884.382817657057,22921.774459130807,22856.92155827587,22894.30129757372,150000
2026-01-26 14:55:00,035420,22894.30129757372,22921.774459130807,22851.74654849952,22879.201590408007,150000
2026-01-26 15:00:00,035420,22879.201590408007,22940.129455628656,22851.74654849952,22912.634294475283,150000
2026-01-26 15:05:00,035420,22912.634294475283,22940.129455628656,22874.67670533091,22902.15929648669,150000
2026-01-26 15:10:00,035420,22902.15929648669,22985.52181558873,22874.67670533091,22957.97224889006,150000
2026-01-26 15:15:00,035420,22957.97224889006,22985.52181558873,22889.828936387847,22917.329732066326,150000
2026-01-27 09:00:00,005930,22000.0,22026.4,21972.543676367084,21998.942407255792,150000
2026-01-27 09:05:00,005930,21998.942407255792,22038.968813388918,21972.543676367084,22012.55374889025,150000
2026-01-27 09:10:00,005930,22012.55374889025,22075.596623392674,21986.13868439158,22049.137658202828,150000
2026-01-27 09:15:00,005930,22049.137658202828,22152.30053833435,22022.678693012986,22125.74963876783,150000
2026-01-27 09:20:00,005930,22125.74963876783,22152.30053833435,22081.79498857225,22108.324978546505,150000
2026-01-27 09:25:00,005930,22108.324978546505,22203.623841731453,22081.79498857225,22177.011428017828,150000
2026-01-27 09:30:00,005930,22177.011428017828,22203.623841731453,22146.003616968006,22172.610749867847,150000
2026-01-27 09:35:00,005930,22172.610749867847,22264.886902547023,22146.003616968006,22238.201061273492,150000
2026-01-27 09:40:00,005930,22238.201061273492,22264.886902547023,22195.889388532007,22222.55645627954,150000
2026-01-27 09:45:00,005930,22222.55645627954,22249.22352402708,22126.787097977984,22153.371143350003,150000
2026-01-27 09:50:00,005930,22153.371143350003,22240.801992957982,22126.787097977984,22214.145018935258,150000
2026-01-27 09:55:00,005930,22214.145018935258,22240.801992957982,22182.68325245153,22209.334453796084,150000
2026-01-27 10:00:00,005930,22209.334453796084,22256.528495989736,22182.68325245153,22229.852672782396,150000
2026-01-27 10:05:00,005930,22229.852672782396,22277.84282676812,22203.17684957506,22251.141457019694,150000
2026-01-27 10:10:00,005930,22251.141457019694,22337.82403572445,22224.440087271272,22311.050774794694,150000
2026-01-27 10:15:00,005930,22311.050774794694,22337.82403572445,22274.347418557998,22301.108749056864,150000
2026-01-27 10:20:00,005930,22301.108749056864,22402.107426484286,22274.347418557998,22375.257117942754,150000
2026-01-27 10:25:00,005930,22375.257117942754,22414.988296514435,22348.406809401222,22388.122549455085,150000
2026-01-27 10:30:00,005930,22388.122549455085,22414.988296514435,22314.54859664519,22341.358226517008,150000
2026-01-27 10:35:00,005930,22341.358226517008,22368.16785638883,22289.231571291566,22316.010784232643,150000
2026-01-27 10:40:00,005930,22316.010784232643,22370.30705033456,22289.231571291566,22343.49485650675,150000
2026-01-27 10:45:00,005930,22343.49485650675,22451.712443237528,22316.68266267894,22424.8026800215,150000
2026-01-27 10:50:00,005930,22424.8026800215,22451.712443237528,22387.88803939925,22414.78578233806,150000
2026-01-27 10:55:00,005930,22414.78578233806,22441.683525276865,22340.67310183492,22367.514118777453,150000
2026-01-27 11:00:00,005930,22367.514118777453,22394.37544738677,22340.67310183492,22367.53440609945,150000
2026-01-27 11:05:00,005930,22367.53440609945,22475.181362004183,22340.69336481213,22448.243469840374,150000
2026-01-27 11:10:00,005930,22448.243469840374,22536.4315528388,22421.305577676565,22509.420248540548,150000
2026-01-27 11:15:00,005930,22509.420248540548,22556.805221440532,22482.4089442423,22529.76949804288,150000
2026-01-27 11:20:00,005930,22529.76949804288,22561.249828065076,22502.73377464523,22534.208777532036,150000
2026-01-27 11:25:00,005930,22534.208777532036,22561.249828065076,22494.33825355298,22521.363890221248,150000
2026-01-27 11:30:00,005930,22521.363890221248,22551.486504028144,22494.33825355298,22524.45715544161,150000
2026-01-27 11:35:00,005930,22524.45715544161,22551.486504028144,22475.200663244683,22502.203307213338,150000
2026-01-27 11:40:00,005930,22502.203307213338,22529.205951181997,22457.554207292404,22484.53565007249,150000
2026-01-27 11:45:00,005930,22484.53565007249,22567.795885584706,22457.554207292404,22540.74698919767,800000
2026-01-27 11:50:00,005930,22540.74698919767,22567.795885584706,22450.911678280376,22477.885140448914,150000
2026-01-27 11:55:00,005930,22477.885140448914,22552.790388805814,22450.911678280376,22525.759477432894,150000
2026-01-27 12:00:00,005930,22525.759477432894,22553.462374879622,22498.728566059974,22526.430658089914,150000
2026-01-27 12:05:00,005930,22526.430658089914,22557.051588333183,22499.398941300205,22530.0155696496,150000
2026-01-27 12:10:00,005930,22530.0155696496,22578.380852852053,22502.97955096602,22551.319269728378,150000
2026-01-27 12:15:00,005930,22551.319269728378,22619.42634558232,22524.257686604706,22592.315566902034,150000
2026-01-27 12:20:00,005930,22592.315566902034,22642.123928041183,22565.204788221752,22614.985944907294,150000
2026-01-27 12:25:00,005930,22614.985944907294,22642.331335189,22587.847961773405,22615.19310346484,150000
2026-01-27 12:30:00,005930,22615.19310346484,22642.331335189,22578.829382939275,22605.956530776206,150000
2026-01-27 12:35:00,005930,22605.956530776206,22690.71182771307,22578.829382939275,22663.51560898229,150000
2026-01-27 12:40:00,005930,22663.51560898229,22743.002857457464,22636.31939025151,22715.74396469982,150000
2026-01-27 12:45:00,005930,22715.74396469982,22799.860364601107,22688.48507194218,22772.53332461157,800000
2026-01-27 12:50:00,005930,22772.53332461157,22844.74577657783,22745.206284622036,22817.364938651448,150000
2026-01-27 12:55:00,005930,22817.364938651448,22871.019395413485,22789.984100725065,22843.607066933164,150000
2026-01-27 13:00:00,005930,22843.607066933164,22871.019395413485,22805.582572662566,22832.982151244058,150000
2026-01-27 13:05:00,005930,22832.982151244058,22924.753823207477,22805.582572662566,22897.277090698637,150000
2026-01-27 13:10:00,005930,22897.277090698637,22985.595967147052,22869.800358189797,22958.04631157316,150000
2026-01-27 13:15:00,005930,22958.04631157316,22991.22951584633,22930.496655999275,22963.67310811659,150000
2026-01-27 13:20:00,005930,22963.67310811659,22991.22951584633,22931.059403792882,22958.609735475453,150000
2026-01-27 13:25:00,005930,22958.609735475453,23079.030071673245,22931.059403792882,23051.368429557773,150000
2026-01-27 13:30:00,005930,23051.368429557773,23079.030071673245,22970.997245180162,22998.595559851983,150000
2026-01-27 13:35:00,005930,22998.595559851983,23026.193874523808,22910.058225207988,22937.583325198226,150000
2026-01-27 13:40:00,005930,22937.583325198226,22965.108425188464,22862.34637447186,22889.814151453604,150000
2026-01-27 13:45:00,005930,22889.814151453604,22974.575133256436,22862.34637447186,22947.038686832235,800000
2026-01-27 13:50:00,005930,22947.038686832235,23023.677722365872,22919.502240408037,22996.08242345772,150000
2026-01-27 13:55:00,005930,22996.08242345772,23072.849796723487,22968.48712454957,23045.195562049026,150000
2026-01-27 14:00:00,005930,23045.195562049026,23081.29530468034,23017.54132737457,23053.630947543286,150000
2026-01-27 14:05:00,005930,23053.630947543286,23088.48664168089,23025.966590406235,23060.81366528255,150000
2026-01-27 14:10:00,005930,23060.81366528255,23092.318367866617,23033.14068888421,23064.640798907927,150000
2026-01-27 14:15:00,005930,23064.640798907927,23092.318367866617,23030.74714991766,23058.417250618404,150000
2026-01-27 14:20:00,005930,23058.417250618404,23086.087351319147,23019.874158108483,23047.531195543135,150000
2026-01-27 14:25:00,005930,23047.531195543135,23082.277298993256,23019.874158108483,23054.611764875404,150000
2026-01-27 14:30:00,005930,23054.611764875404,23137.55413964176,23026.946230757556,23109.822352818377,150000
2026-01-27 14:35:00,005930,23109.822352818377,23137.55413964176,23047.720987790926,23075.411481568808,150000
2026-01-27 14:40:00,005930,23075.411481568808,23146.961678918575,23047.720987790926,23119.218616578677,150000
2026-01-27 14:45:00,005930,23119.218616578677,23169.993931605142,23091.475554238783,23142.223263688713,150000
2026-01-27 14:50:00,005930,23142.223263688713,23237.631325148755,23114.452595772287,23209.779589641184,150000
2026-01-27 14:55:00,005930,23209.779589641184,23237.631325148755,23160.52428204665,23188.35030240954,150000
2026-01-27 15:00:00,005930,23188.35030240954,23289.18994763194,23160.52428204665,23261.276415932818,150000
2026-01-27 15:05:00,005930,23261.276415932818,23296.17895586804,23233.3628842337,23268.257047411145,150000
2026-01-27 15:10:00,005930,23268.257047411145,23296.17895586804,23196.191493156686,23224.0603655954,150000
2026-01-27 15:15:00,005930,23224.0603655954,23260.13753714696,23196.191493156686,23232.25882655509,150000
2026-01-27 09:00:00,000660,22000.0,22026.4,21971.658336340435,21998.056003544687,150000
2026-01-27 09:05:00,000660,21998.056003544687,22024.453670748942,21957.69897040177,21984.079866241256,150000
2026-01-27 09:10:00,000660,21984.079866241256,22037.84506360913,21957.69897040177,22011.431345993933,150000
2026-01-27 09:15:00,000660,22011.431345993933,22037.84506360913,21982.96500406113,22009.37625556781,150000
2026-01-27 09:20:00,000660,22009.37625556781,22116.646428477256,21982.96500406113,22090.138262562177,150000
2026-01-27 09:25:00,000660,22090.138262562177,22142.42659781842,22063.630096647103,22115.88753277908,150000
2026-01-27 09:30:00,000660,22115.88753277908,22142.42659781842,22059.849969247432,22086.353593559703,150000
2026-01-27 09:35:00,000660,22086.353593559703,22113.331587012144,22059.849969247432,22086.827394139174,150000
2026-01-27 09:40:00,000660,22086.827394139174,22244.419777867715,22060.32320126621,22217.758467706466,150000
2026-01-27 09:45:00,000660,22217.758467706466,22277.30176928372,22191.09715754522,22250.60104802609,150000
2026-01-27 09:50:00,000660,22250.60104802609,22313.186805245645,22223.900326768457,22286.443073557373,150000
2026-01-27 09:55:00,000660,22286.443073557373,22371.764489791978,22259.699341869105,22344.950549133016,150000
2026-01-27 10:00:00,000660,22344.950549133016,22397.565847659316,22318.13660847406,22370.72098248034,150000
2026-01-27 10:05:00,000660,22370.72098248034,22397.565847659316,22342.631156861175,22369.474526292724,150000
2026-01-27 10:10:00,000660,22369.474526292724,22409.903894222913,22342.631156861175,22383.04424113355,150000
2026-01-27 10:15:00,000660,22383.04424113355,22428.46416827534,22356.18458804419,22401.582269551876,150000
2026-01-27 10:20:00,000660,22401.582269551876,22428.46416827534,22342.68613958369,22369.52957507378,150000
2026-01-27 10:25:00,000660,22369.52957507378,22407.0848582264,22342.68613958369,22380.228583925687,150000
2026-01-27 10:30:00,000660,22380.228583925687,22440.75267112059,22353.372309624978,22413.856043867945,150000
2026-01-27 10:35:00,000660,22413.856043867945,22440.75267112059,22381.79989570286,22408.69032409177,150000
2026-01-27 10:40:00,000660,22408.69032409177,22435.580752480684,22347.09493754735,22373.94366995129,150000
2026-01-27 10:45:00,000660,22373.94366995129,22430.691817812014,22347.09493754735,22403.807249113077,150000
2026-01-27 10:50:00,000660,22403.807249113077,22430.691817812014,22355.849737770262,22382.70898855653,150000
2026-01-27 10:55:00,000660,22382.70898855653,22409.5682393428,22282.345984476055,22309.116924785798,150000
2026-01-27 11:00:00,000660,22309.116924785798,22364.602595264743,22282.345984476055,22337.79723857845,150000
2026-01-27 11:05:00,000660,22337.79723857845,22390.903671332344,22310.991881892154,22364.066791182922,150000
2026-01-27 11:10:00,000660,22364.066791182922,22390.903671332344,22296.669434851145,22323.457583951888,150000
2026-01-27 11:15:00,000660,22323.457583951888,22350.24573305263,22253.20459559688,22279.94052422595,150000
2026-01-27 11:20:00,000660,22279.94052422595,22321.342738921474,22253.20459559688,22294.58923184326,150000
2026-01-27 11:25:00,000660,22294.58923184326,22349.91300768853,22267.83572476505,22323.125257379674,150000
2026-01-27 11:30:00,000660,22323.125257379674,22378.405927642216,22296.337507070817,22351.58402681004,150000
2026-01-27 11:35:00,000660,22351.58402681004,22415.58546889962,22324.762125977868,22388.719006092306,150000
2026-01-27 11:40:00,000660,22388.719006092306,22415.58546889962,22278.266373027916,22305.032411922224,150000
2026-01-27 11:45:00,000660,22305.032411922224,22387.627946943572,22278.266373027916,22360.79499295203,800000
2026-01-27 11:50:00,000660,22360.79499295203,22438.5249960288,22333.962038960486,22411.631038782256,150000
2026-01-27 11:55:00,000660,22411.631038782256,22438.5249960288,22342.587522141734,22369.43083914871,150000
2026-01-27 12:00:00,000660,22369.43083914871,22462.08984567321,22342.587522141734,22435.16764449981,150000
2026-01-27 12:05:00,000660,22435.16764449981,22471.624021537813,22408.24544332641,22444.690393066132,150000
2026-01-27 12:10:00,000660,22444.690393066132,22497.674684647467,22417.756764594455,22470.709832848046,150000
2026-01-27 12:15:00,000660,22470.709832848046,22497.674684647467,22431.971374537232,22458.922081034474,150000
2026-01-27 12:20:00,000660,22458.922081034474,22494.779728852947,22431.971374537232,22467.818346836742,150000
2026-01-27 12:25:00,000660,22467.818346836742,22534.826305110957,22440.856964820538,22507.816924801195,150000
2026-01-27 12:30:00,000660,22507.816924801195,22574.700758143223,22480.807544491432,22547.64358584021,150000
2026-01-27 12:35:00,000660,22547.64358584021,22606.330393932603,22520.586413537203,22579.235311558732,150000
2026-01-27 12:40:00,000660,22579.235311558732,22606.341864822076,22552.14022918486,22579.246768699635,150000
2026-01-27 12:45:00,000660,22579.246768699635,22662.85771948413,22552.151672577194,22635.694885621382,800000
2026-01-27 12:50:00,000660,22635.694885621382,22744.33530668001,22608.532051758637,22717.074816899727,150000
2026-01-27 12:55:00,000660,22717.074816899727,22744.33530668001,22689.54161778237,22716.801779918274,150000
2026-01-27 13:00:00,000660,22716.801779918274,22744.061942054177,22665.973917099538,22693.20576401636,150000
2026-01-27 13:05:00,000660,22693.20576401636,22729.645777297363,22665.973917099538,22702.402893824772,150000
2026-01-27 13:10:00,000660,22702.402893824772,22740.97078504803,22675.16001035218,22713.714327854603,150000
2026-01-27 13:15:00,000660,22713.714327854603,22762.495910059384,22686.45787066118,22735.21365367497,150000
2026-01-27 13:20:00,000660,22735.21365367497,22776.08024537014,22707.931397290562,22748.781707321352,150000
2026-01-27 13:25:00,000660,22748.781707321352,22776.08024537014,22694.68509861779,22721.951440346205,150000
2026-01-27 13:30:00,000660,22721.951440346205,22749.217782074622,22686.087356681444,22713.343368723912,150000
2026-01-27 13:35:00,000660,22713.343368723912,22740.599380766384,22659.2208801101,22686.444613646476,150000
2026-01-27 13:40:00,000660,22686.444613646476,22727.74765883579,22659.2208801101,22700.507050375338,150000
2026-01-27 13:45:00,000660,22700.507050375338,22784.567027982877,22673.26644191489,22757.258318001273,800000
2026-01-27 13:50:00,000660,22757.258318001273,22824.749118688153,22729.949608019673,22797.392247990563,150000
2026-01-27 13:55:00,000660,22797.392247990563,22890.565187101765,22770.035377292974,22863.129431783622,150000
2026-01-27 14:00:00,000660,22863.129431783622,22935.644015532554,22835.693676465482,22908.154230456006,150000
2026-01-27 14:05:00,000660,22908.154230456006,22999.98770915844,22880.664445379458,22972.420804193403,150000
2026-01-27 14:10:00,000660,22972.420804193403,23032.110980258367,22944.853899228372,23004.50557357008,150000
2026-01-27 14:15:00,000660,23004.50557357008,23032.110980258367,22964.66071599162,22992.251417692853,150000
2026-01-27 14:20:00,000660,22992.251417692853,23093.315045565287,22964.66071599162,23065.63628202685,150000
2026-01-27 14:25:00,000660,23065.63628202685,23093.315045565287,23033.76187092945,23061.43559364182,150000
2026-01-27 14:30:00,000660,23061.43559364182,23124.017171198873,23033.76187092945,23096.30160926775,150000
2026-01-27 14:35:00,000660,23096.30160926775,23151.43361289898,23068.58604733663,23123.685190670174,150000
2026-01-27 14:40:00,000660,23123.685190670174,23169.7808196336,23095.93676844137,23142.010407145026,150000
2026-01-27 14:45:00,000660,23142.010407145026,23175.094263641407,23114.23999465645,23147.31748266221,150000
2026-01-27 14:50:00,000660,23147.31748266221,23216.555582736826,23119.540701683014,23188.729107807456,150000
2026-01-27 14:55:00,000660,23188.729107807456,23216.555582736826,23126.47945026242,23154.264567743714,150000
2026-01-27 15:00:00,000660,23154.264567743714,23182.049685225007,23111.270602951307,23139.03744788877,150000
2026-01-27 15:05:00,000660,23139.03744788877,23166.80429282624,23038.02035388672,23065.699192918222,150000
2026-01-27 15:10:00,000660,23065.699192918222,23093.378031949727,23034.75259241296,23062.427505419462,150000
2026-01-27 15:15:00,000660,23062.427505419462,23131.309297387856,23034.75259241296,23103.584995393383,150000
2026-01-27 09:00:00,035420,22000.0,22026.4,21969.374313572203,21995.76923665619,150000
2026-01-27 09:05:00,035420,21995.76923665619,22022.16415974018,21902.263709277184,21928.57800288064,150000
2026-01-27 09:10:00,035420,21928.57800288064,21954.8922964841,21886.20464415252,21912.49964372499,150000
2026-01-27 09:15:00,035420,21912.49964372499,21987.45706147274,21886.20464415252,21961.103736988352,150000
2026-01-27 09:20:00,035420,21961.103736988352,21987.45706147274,21929.869355206516,21956.216815384978,150000
2026-01-27 09:25:00,035420,21956.216815384978,22045.11267484582,21929.869355206516,22018.69024654996,150000
2026-01-27 09:30:00,035420,22018.69024654996,22045.11267484582,21988.872850400006,22015.291199839812,150000
2026-01-27 09:35:00,035420,22015.291199839812,22071.523805314187,21988.872850400006,22045.069721648208,150000
2026-01-27 09:40:00,035420,22045.069721648208,22071.523805314187,22006.743985499026,22033.183806066307,150000
2026-01-27 09:45:00,035420,22033.183806066307,22059.623626633587,21898.020093026757,21924.329288172565,150000
2026-01-27 09:50:00,035420,21924.329288172565,21950.638483318373,21870.58882824707,21896.86506632666,150000
2026-01-27 09:55:00,035420,21896.86506632666,21959.538616858157,21870.58882824707,21933.218754352933,150000
2026-01-27 10:00:00,035420,21933.218754352933,21959.538616858157,21857.68170467856,21883.942435601282,150000
2026-01-27 10:05:00,035420,21883.942435601282,21910.203166524007,21827.10284328362,21853.326835486205,150000
2026-01-27 10:10:00,035420,21853.326835486205,21914.320805493335,21827.10284328362,21888.05513932614,150000
2026-01-27 10:15:00,035420,21888.05513932614,21926.189036706764,21861.78947315895,21899.909145731883,150000
2026-01-27 10:20:00,035420,21899.909145731883,21926.189036706764,21836.17853250107,21862.41342861541,150000
2026-01-27 10:25:00,035420,21862.41342861541,21895.740491986515,21836.17853250107,21869.497095471947,150000
2026-01-27 10:30:00,035420,21869.497095471947,21903.40463204531,21843.253698957382,21877.152049585806,150000
2026-01-27 10:35:00,035420,21877.152049585806,21974.45467136429,21850.899467126303,21948.11693104703,150000
2026-01-27 10:40:00,035420,21948.11693104703,21977.746414858604,21921.779190729772,21951.40472918358,150000
2026-01-27 10:45:00,035420,21951.40472918358,22047.411581210414,21925.063043508562,22020.986397533372,150000
2026-01-27 10:50:00,035420,22020.986397533372,22053.96458723067,21994.561213856334,22027.53154937142,150000
2026-01-27 10:55:00,035420,22027.53154937142,22053.96458723067,21972.107942040064,21998.506149419365,150000
2026-01-27 11:00:00,035420,21998.506149419365,22069.015149466733,21972.107942040064,22042.564072579637,150000
2026-01-27 11:05:00,035420,22042.564072579637,22069.015149466733,21994.600174176023,22021.025404661617,150000
2026-01-27 11:10:00,035420,22021.025404661617,22047.450635147212,21985.580695925684,22011.995090033724,150000
2026-01-27 11:15:00,035420,22011.995090033724,22085.444232308022,21985.580695925684,22058.97346415104,150000
2026-01-27 11:20:00,035420,22058.97346415104,22085.444232308022,21994.89915977543,22021.3247494748,150000
2026-01-27 11:25:00,035420,22021.3247494748,22047.75033917417,21977.947532090056,22004.352755396532,150000
2026-01-27 11:30:00,035420,22004.352755396532,22030.75797870301,21939.29522601988,21965.654010832877,150000
2026-01-27 11:35:00,035420,21965.654010832877,22025.612772151904,21939.29522601988,21999.21371569307,150000
2026-01-27 11:40:00,035420,21999.21371569307,22025.612772151904,21924.77385617324,21951.115194406528,150000
2026-01-27 11:45:00,035420,21951.115194406528,22032.400173971415,21924.77385617324,22005.99298239254,800000
2026-01-27 11:50:00,035420,22005.99298239254,22062.346491699846,21979.58579081367,22035.90340761071,150000
2026-01-27 11:55:00,035420,22035.90340761071,22068.847010167425,22009.460323521576,22042.396134805655,150000
2026-01-27 12:00:00,035420,22042.396134805655,22078.854592429405,22015.945259443888,22052.39172236257,150000
2026-01-27 12:05:00,035420,22052.39172236257,22092.648346984184,22025.928852295732,22066.16894425108,150000
2026-01-27 12:10:00,035420,22066.16894425108,22116.043556701647,22039.68954151798,22089.536113365604,150000
2026-01-27 12:15:00,035420,22089.536113365604,22116.043556701647,22040.850152497234,22067.3309496368,150000
2026-01-27 12:20:00,035420,22067.3309496368,22093.811746776366,22019.945921099014,22046.40160302264,150000
2026-01-27 12:25:00,035420,22046.40160302264,22072.85728494627,22012.08671506704,22038.532954612572,150000
2026-01-27 12:30:00,035420,22038.532954612572,22064.97919415811,21991.42830138512,22017.84972105038,150000
2026-01-27 12:35:00,035420,22017.84972105038,22044.271140715642,21972.572553597984,21998.971319181,150000
2026-01-27 12:40:00,035420,21998.971319181,22025.37008476402,21969.62427331429,21996.01949671034,150000
2026-01-27 12:45:00,035420,21996.01949671034,22077.470756906663,21969.62427331429,22051.009545452118,800000
2026-01-27 12:50:00,035420,22051.009545452118,22135.337947564258,22024.548333997576,22108.807378709804,150000
2026-01-27 12:55:00,035420,22108.807378709804,22168.119382030665,22082.276809855353,22141.54952260354,150000
2026-01-27 13:00:00,035420,22141.54952260354,22168.119382030665,22102.25475013986,22128.809321325447,150000
2026-01-27 13:05:00,035420,22128.809321325447,22155.36389251104,22086.64020603628,22113.17601725699,150000
2026-01-27 13:10:00,035420,22113.17601725699,22139.7118284777,22066.17864255781,22092.689870402293,150000
2026-01-27 13:15:00,035420,22092.689870402293,22119.201098246776,22055.204955008325,22081.70299860665,150000
2026-01-27 13:20:00,035420,22081.70299860665,22108.201042204983,22006.509011881535,22032.948550141704,150000
2026-01-27 13:25:00,035420,22032.948550141704,22059.388088401876,21961.514958553922,21987.90043908082,150000
2026-01-27 13:30:00,035420,21987.90043908082,22014.28591960772,21919.040967953366,21945.37541845551,150000
2026-01-27 13:35:00,035420,21945.37541845551,21971.70986895766,21904.649007670938,21930.966167071423,150000
2026-01-27 13:40:00,035420,21930.966167071423,21957.283326471912,21865.8274860529,21892.09800365729,150000
2026-01-27 13:45:00,035420,21892.09800365729,21973.164442564834,21865.8274860529,21946.828248666432,800000
2026-01-27 13:50:00,035420,21946.828248666432,22013.04475052734,21920.492054768034,21986.660757618196,150000
2026-01-27 13:55:00,035420,21986.660757618196,22018.404666543243,21960.276764709055,21992.01424944391,150000
2026-01-27 14:00:00,035420,21992.01424944391,22054.574634176653,21965.623832344576,22028.140865138485,150000
2026-01-27 14:05:00,035420,22028.140865138485,22054.574634176653,21968.845734035556,21995.24002206203,150000
2026-01-27 14:10:00,035420,21995.24002206203,22067.77910725469,21968.845734035556,22041.32951184048,150000
2026-01-27 14:15:00,035420,22041.32951184048,22102.21886646523,22014.87991642627,22075.72799287378,150000
2026-01-27 14:20:00,035420,22075.72799287378,22113.72209585976,22049.237119282334,22087.217434937833,150000
2026-01-27 14:25:00,035420,22087.217434937833,22126.676544175985,22060.71277401591,22100.156356548126,150000
2026-01-27 14:30:00,035420,22100.156356548126,22173.8016050281,22073.636168920268,22147.224935105973,150000
2026-01-27 14:35:00,035420,22147.224935105973,22209.778429972845,22120.648265183845,22183.158639605317,150000
2026-01-27 14:40:00,035420,22183.158639605317,22209.778429972845,22074.120559855888,22100.641329451228,150000
2026-01-27 14:45:00,035420,22100.641329451228,22127.16209904657,22011.004653634634,22037.449593146408,150000
2026-01-27 14:50:00,035420,22037.449593146408,22063.894532658185,21979.736489636194,22006.143862270917,150000
2026-01-27 14:55:00,035420,22006.143862270917,22032.551234905644,21962.4993906012,21988.886053865837,150000
2026-01-27 15:00:00,035420,21988.886053865837,22022.27952711383,21962.4993906012,21995.884465754923,150000
2026-01-27 15:05:00,035420,21995.884465754923,22022.27952711383,21928.90289073001,21955.249189757717,150000
2026-01-27 15:10:00,035420,21955.249189757717,22100.857650424045,21928.90289073001,22074.36840833404,150000
2026-01-27 15:15:00,035420,22074.36840833404,22146.778453581293,22047.87916624404,22120.2341725742,150000
2026-01-28 09:00:00,005930,22000.0,22041.47673332577,21973.600000000002,22015.058662930252,150000
2026-01-28 09:05:00,005930,22015.058662930252,22041.47673332577,21968.426946180814,21994.820731058084,150000
2026-01-28 09:10:00,005930,21994.820731058084,22059.523540686496,21968.426946180814,22033.0838400784,150000
2026-01-28 09:15:00,005930,22033.0838400784,22072.946195351884,22006.644139470307,22046.490406863646,150000
2026-01-28 09:20:00,005930,22046.490406863646,22098.669308654837,22020.03461837541,22072.182689427522,150000
2026-01-28 09:25:00,005930,22072.182689427522,22098.669308654837,22029.136869056212,22055.603593368254,150000
2026-01-28 09:30:00,005930,22055.603593368254,22144.133925429676,22029.136869056212,22117.592814052812,150000
2026-01-28 09:35:00,005930,22117.592814052812,22190.14227841761,22091.051702675948,22163.54602318978,150000
2026-01-28 09:40:00,005930,22163.54602318978,22190.14227841761,22092.54155177091,22119.08445311465,150000
2026-01-28 09:45:00,005930,22119.08445311465,22154.007224635254,22092.54155177091,22127.454279499852,150000
2026-01-28 09:50:00,005930,22127.454279499852,22154.007224635254,22072.844334600803,22099.363570885864,150000
2026-01-28 09:55:00,005930,22099.363570885864,22125.88280717093,21991.361798982234,22017.78313874873,150000
2026-01-28 10:00:00,005930,22017.78313874873,22044.204478515232,21982.182516324337,22008.5928277176,150000
2026-01-28 10:05:00,005930,22008.5928277176,22035.216979979934,21982.182516324337,22008.80641228519,150000
2026-01-28 10:10:00,005930,22008.80641228519,22035.216979979934,21949.068519857552,21975.439046713607,150000
2026-01-28 10:15:00,005930,21975.439046713607,22063.415468979463,21949.068519857552,22036.971103655076,150000
2026-01-28 10:20:00,005930,22036.971103655076,22063.415468979463,22003.463861120188,22029.89974080916,150000
2026-01-28 10:25:00,005930,22029.89974080916,22096.25573368637,22003.463861120188,22069.772007277632,150000
2026-01-28 10:30:00,005930,22069.772007277632,22099.628098729812,22043.2882808689,22073.140330333412,150000
2026-01-28 10:35:00,005930,22073.140330333412,22099.628098729812,22036.508053434743,22062.9836337953,150000
2026-01-28 10:40:00,005930,22062.9836337953,22089.459214155853,22024.684527235873,22051.145902318654,150000
2026-01-28 10:45:00,005930,22051.145902318654,22099.024642029523,22024.684527235873,22072.537596913226,150000
2026-01-28 10:50:00,005930,22072.537596913226,22099.024642029523,22035.67944623326,22062.154031070542,150000
2026-01-28 10:55:00,005930,22062.154031070542,22101.383921972396,22035.67944623326,22074.894049113456,150000
2026-01-28 11:00:00,005930,22074.894049113456,22101.383921972396,22048.343148210504,22074.8329477478,150000
2026-01-28 11:05:00,005930,22074.8329477478,22199.229773383642,22048.343148210504,22172.62262623216,150000
2026-01-28 11:10:00,005930,22172.62262623216,22201.78523339998,22146.015479080685,22175.175023371932,150000
2026-01-28 11:15:00,005930,22175.175023371932,22201.78523339998,22126.081951384323,22152.6651495638,150000
2026-01-28 11:20:00,005930,22152.6651495638,22208.015990918226,22126.081951384323,22181.398312942692,150000
2026-01-28 11:25:00,005930,22181.398312942692,22208.015990918226,22134.9194176096,22161.513233489786,150000
2026-01-28 11:30:00,005930,22161.513233489786,22202.58856401454,22134.9194176096,22175.977391145163,150000
2026-01-28 11:35:00,005930,22175.977391145163,22202.58856401454,22119.65723690762,22146.232716167022,150000
2026-01-28 11:40:00,005930,22146.232716167022,22172.808195426423,22053.61479614768,22080.110929262795,150000
2026-01-28 11:45:00,005930,22080.110929262795,22161.873580033855,22053.61479614768,22135.31120658595,800000
2026-01-28 11:50:00,005930,22135.31120658595,22161.873580033855,22097.033160434385,22123.581458184206,150000
2026-01-28 11:55:00,005930,22123.581458184206,22150.129755934027,22091.058574982242,22117.59969461578,150000
2026-01-28 12:00:00,005930,22117.59969461578,22144.14081424932,22090.172203417518,22116.71225812727,150000
2026-01-28 12:05:00,005930,22116.71225812727,22143.252312837027,22087.936197875642,22114.47356615503,150000
2026-01-28 12:10:00,005930,22114.47356615503,22198.39437698352,22087.936197875642,22171.78823110619,150000
2026-01-28 12:15:00,005930,22171.78823110619,22253.520172806206,22145.182085228866,22226.84795525989,150000
2026-01-28 12:20:00,005930,22226.84795525989,22253.520172806206,22176.9660287099,22203.61036114327,150000
2026-01-28 12:25:00,005930,22203.61036114327,22268.495161321804,22176.9660287099,22241.80499532741,150000
2026-01-28 12:30:00,005930,22241.80499532741,22268.495161321804,22173.80536092662,22200.445896001824,150000
2026-01-28 12:35:00,005930,22200.445896001824,22242.918502413464,22173.80536092662,22216.258991623516,150000
2026-01-28 12:40:00,005930,22216.258991623516,22278.623719488503,22189.599480833567,22251.92141379195,150000
2026-01-28 12:45:00,005930,22251.92141379195,22334.32027878722,22225.219108095403,22307.55121732643,800000
2026-01-28 12:50:00,005930,22307.55121732643,22355.73733182014,22280.782155865636,22328.942600699298,150000
2026-01-28 12:55:00,005930,22328.942600699298,22364.768431630862,22302.14786957846,22337.962876179445,150000
2026-01-28 13:00:00,005930,22337.962876179445,22364.768431630862,22306.000060882907,22332.79942018713,150000
2026-01-28 13:05:00,005930,22332.79942018713,22359.598779491356,22287.678031655814,22314.455378109546,150000
2026-01-28 13:10:00,005930,22314.455378109546,22348.589919717753,22287.678031655814,22321.8037552115,150000
2026-01-28 13:15:00,005930,22321.8037552115,22353.868611653932,22295.017590705243,22327.076120309557,150000
2026-01-28 13:20:00,005930,22327.076120309557,22353.868611653932,22268.88299502289,22295.637760335292,150000
2026-01-28 13:25:00,005930,22295.637760335292,22351.580266142217,22268.88299502289,22324.79051752119,150000
2026-01-28 13:30:00,005930,22324.79051752119,22367.27322833216,22298.000768900165,22340.464670727284,150000
2026-01-28 13:35:00,005930,22340.464670727284,22367.27322833216,22285.87311963549,22312.6482975926,150000
2026-01-28 13:40:00,005930,22312.6482975926,22339.423475549713,22281.806355447887,22308.576647424798,150000
2026-01-28 13:45:00,005930,22308.576647424798,22391.18530675021,22281.806355447887,22364.348089043357,800000
2026-01-28 13:50:00,005930,22364.348089043357,22391.18530675021,22317.613123177372,22344.42643489925,150000
2026-01-28 13:55:00,005930,22344.42643489925,22371.239746621133,22281.377528388155,22308.14730515434,150000
2026-01-28 14:00:00,005930,22308.14730515434,22334.91708192053,22240.46188707682,22267.182506084122,150000
2026-01-28 14:05:00,005930,22267.182506084122,22293.903125091423,22221.470873189886,22248.168675600606,150000
2026-01-28 14:10:00,005930,22248.168675600606,22354.32188270497,22221.470873189886,22327.528848087266,150000
2026-01-28 14:15:00,005930,22327.528848087266,22467.786913089898,22300.73581346956,22440.857883629542,150000
2026-01-28 14:20:00,005930,22440.857883629542,22467.786913089898,22385.207071623412,22412.101593535655,150000
2026-01-28 14:25:00,005930,22412.101593535655,22442.05233709762,22385.207071623412,22415.15415211508,150000
2026-01-28 14:30:00,005930,22415.15415211508,22442.05233709762,22387.22642744123,22414.12337549182,150000
2026-01-28 14:35:00,005930,22414.12337549182,22483.59767868716,22387.22642744123,22456.649699048303,150000
2026-01-28 14:40:00,005930,22456.649699048303,22483.59767868716,22392.393875533944,22419.29703197231,150000
2026-01-28 14:45:00,005930,22419.29703197231,22449.730224981275,22392.393875533944,22422.822837576183,150000
2026-01-28 14:50:00,005930,22422.822837576183,22449.730224981275,22373.54096077127,22400.42146653111,150000
2026-01-28 14:55:00,005930,22400.42146653111,22437.643759800834,22373.54096077127,22410.75085877031,150000
2026-01-28 15:00:00,005930,22410.75085877031,22437.643759800834,22383.843035595375,22410.735918697814,150000
2026-01-28 15:05:00,005930,22410.735918697814,22470.992088764993,22383.843035595375,22444.059217703747,150000
2026-01-28 15:10:00,005930,22444.059217703747,22470.992088764993,22407.9147962528,22434.836600173006,150000
2026-01-28 15:15:00,005930,22434.836600173006,22488.2592401034,22407.9147962528,22461.305673295446,150000
2026-01-28 09:00:00,000660,22000.0,22026.4,21946.64539326555,21973.0130088762,150000
2026-01-28 09:05:00,000660,21973.0130088762,21999.380624486854,21872.507750602657,21898.786294155645,150000
2026-01-28 09:10:00,000660,21898.786294155645,21925.064837708633,21863.065917185166,21889.333116925474,150000
2026-01-28 09:15:00,000660,21889.333116925474,21915.600316665787,21855.901600528843,21882.160192760155,150000
2026-01-28 09:20:00,000660,21882.160192760155,21908.41878499147,21825.678329598486,21851.900610330882,150000
2026-01-28 09:25:00,000660,21851.900610330882,21878.12289106328,21821.959753425035,21848.17756650484,150000
2026-01-28 09:30:00,000660,21848.17756650484,21883.87527941239,21821.959753425035,21857.646104087482,150000
2026-01-28 09:35:00,000660,21857.646104087482,21883.87527941239,21821.43003537373,21847.647212028165,150000
2026-01-28 09:40:00,000660,21847.647212028165,21873.8643886826,21805.29375000365,21831.49153985147,150000
2026-01-28 09:45:00,000660,21831.49153985147,21857.689329699297,21765.178805451204,21791.32839953064,150000
2026-01-28 09:50:00,000660,21791.32839953064,21841.036797342094,21765.178805451204,21814.858966582193,150000
2026-01-28 09:55:00,000660,21814.858966582193,21841.036797342094,21750.17433317031,21776.305900250612,150000
2026-01-28 10:00:00,000660,21776.305900250612,21843.754631817545,21750.17433317031,21817.573543565264,150000
2026-01-28 10:05:00,000660,21817.573543565264,21843.754631817545,21770.874544673006,21797.03098185123,150000
2026-01-28 10:10:00,000660,21797.03098185123,21897.052135396534,21770.874544673006,21870.807166796378,150000
2026-01-28 10:15:00,000660,21870.807166796378,21920.939031813832,21844.56219819622,21894.665433293878,150000
2026-01-28 10:20:00,000660,21894.665433293878,21920.939031813832,21844.21339692051,21870.457946456256,150000
2026-01-28 10:25:00,000660,21870.457946456256,21896.702495992005,21811.28318613846,21837.48817194479,150000
2026-01-28 10:30:00,000660,21837.48817194479,21904.97658209732,21811.28318613846,21878.722115558645,150000
2026-01-28 10:35:00,000660,21878.722115558645,21904.97658209732,21809.542575119485,21835.745469683105,150000
2026-01-28 10:40:00,000660,21835.745469683105,21955.67252328589,21809.542575119485,21929.357294532452,150000
2026-01-28 10:45:00,000660,21929.357294532452,21955.67252328589,21885.93353051917,21912.228204364408,150000
2026-01-28 10:50:00,000660,21912.228204364408,21959.29092253155,21885.93353051917,21932.971356903265,150000
2026-01-28 10:55:00,000660,21932.971356903265,21989.28359888329,21906.65179127498,21962.92808518107,150000
2026-01-28 11:00:00,000660,21962.92808518107,21989.28359888329,21899.86773869534,21926.179153679754,150000
2026-01-28 11:05:00,000660,21926.179153679754,21961.11551979215,21899.86773869534,21934.79376727142,150000
2026-01-28 11:10:00,000660,21934.79376727142,21970.32428169815,21908.472014750696,21943.99149190786,150000
2026-01-28 11:15:00,000660,21943.99149190786,21970.32428169815,21914.098002988816,21940.426514806582,150000
2026-01-28 11:20:00,000660,21940.426514806582,21966.755026624352,21891.45691737817,21917.75822725087,150000
2026-01-28 11:25:00,000660,21917.75822725087,21950.209143371572,21891.45691737817,21923.90046281619,150000
2026-01-28 11:30:00,000660,21923.90046281619,21950.209143371572,21867.606707538464,21893.87936277379,150000
2026-01-28 11:35:00,000660,21893.87936277379,21920.15201800912,21867.400471861532,21893.672879316713,150000
2026-01-28 11:40:00,000660,21893.672879316713,21942.08854326263,21867.400471861532,21915.78959574773,150000
2026-01-28 11:45:00,000660,21915.78959574773,21996.943764620784,21889.490648232833,21970.579069737098,800000
2026-01-28 11:50:00,000660,21970.579069737098,21996.943764620784,21920.160067190714,21946.495862225383,150000
2026-01-28 11:55:00,000660,21946.495862225383,21972.831657260056,21889.855830966895,21916.155217227566,150000
2026-01-28 12:00:00,000660,21916.155217227566,21961.265372230344,21889.855830966895,21934.94344010222,150000
2026-01-28 12:05:00,000660,21934.94344010222,21961.265372230344,21890.69396936096,21916.994362596077,150000
2026-01-28 12:10:00,000660,21916.994362596077,21943.294755831193,21879.045584790594,21905.3319831704,150000
2026-01-28 12:15:00,000660,21905.3319831704,21940.558278345216,21879.045584790594,21914.26116494728,150000
2026-01-28 12:20:00,000660,21914.26116494728,21968.882349722815,21887.96405154934,21942.551288177,150000
2026-01-28 12:25:00,000660,21942.551288177,21986.81297709174,21916.22022663119,21960.46042458224,150000
2026-01-28 12:30:00,000660,21960.46042458224,21988.24319901211,21934.107872072742,21961.888932293357,150000
2026-01-28 12:35:00,000660,21961.888932293357,22051.081046482555,21935.534665574607,22024.651464724884,150000
2026-01-28 12:40:00,000660,22024.651464724884,22051.081046482555,21994.573214578446,22020.998412673653,150000
2026-01-28 12:45:00,000660,22020.998412673653,22102.542169795783,21994.573214578446,22076.050908705336,800000
2026-01-28 12:50:00,000660,22076.050908705336,22110.759099300034,22049.55964761489,22084.257989712376,150000
2026-01-28 12:55:00,000660,22084.257989712376,22127.548957261213,22057.75688012472,22101.02772399242,150000
2026-01-28 13:00:00,000660,22101.02772399242,22154.023736816875,22074.50649072363,22127.470771890603,150000
2026-01-28 13:05:00,000660,22127.470771890603,22154.023736816875,22066.97768730717,22093.48987515736,150000
2026-01-28 13:10:00,000660,22093.48987515736,22143.80069896597,22066.97768730717,22117.25998698159,150000
2026-01-28 13:15:00,000660,22117.25998698159,22217.439134954486,22090.719274997213,22190.81016275917,150000
2026-01-28 13:20:00,000660,22190.81016275917,22268.40052704809,22164.18119056386,22241.71047447871,150000
2026-01-28 13:25:00,000660,22241.71047447871,22309.74116694513,22215.020421909336,22283.001565067047,150000
2026-01-28 13:30:00,000660,22283.001565067047,22342.15839066302,22256.26196318897,22315.379934741326,150000
2026-01-28 13:35:00,000660,22315.379934741326,22342.15839066302,22273.762384983347,22300.523012598464,150000
2026-01-28 13:40:00,000660,22300.523012598464,22327.917492741166,22273.762384983347,22301.156105414666,150000
2026-01-28 13:45:00,000660,22301.156105414666,22383.737286473017,22274.39471808817,22356.9089956782,800000
2026-01-28 13:50:00,000660,22356.9089956782,22406.178760102193,22330.08070488339,22379.32357181601,150000
2026-01-28 13:55:00,000660,22379.32357181601,22406.178760102193,22348.03032361402,22374.880179829815,150000
2026-01-28 14:00:00,000660,22374.880179829815,22406.205758233868,22348.03032361402,22379.350537588758,150000
2026-01-28 14:05:00,000660,22379.350537588758,22409.18582341565,22352.495316943652,22382.327030978475,150000
2026-01-28 14:10:00,000660,22382.327030978475,22449.117253498647,22355.4682385413,22422.21060077771,150000
2026-01-28 14:15:00,000660,22422.21060077771,22477.56574398722,22395.30394805678,22450.624993994425,150000
2026-01-28 14:20:00,000660,22450.624993994425,22477.56574398722,22404.347527744623,22431.26504579958,150000
2026-01-28 14:25:00,000660,22431.26504579958,22458.18256385454,22391.853421450738,22418.755928565017,150000
2026-01-28 14:30:00,000660,22418.755928565017,22462.814986899,22391.853421450738,22435.89191659908,150000
2026-01-28 14:35:00,000660,22435.89191659908,22462.814986899,22382.302777794455,22409.193810366894,150000
2026-01-28 14:40:00,000660,22409.193810366894,22436.084842939337,22354.36676321489,22381.224232293644,150000
2026-01-28 14:45:00,000660,22381.224232293644,22408.081701372397,22322.327542204264,22349.146518025897,150000
2026-01-28 14:50:00,000660,22349.146518025897,22375.96549384753,22307.61385077997,22334.41514895872,150000
2026-01-28 14:55:00,000660,22334.41514895872,22389.523489367733,22307.61385077997,22362.68826345159,150000
2026-01-28 15:00:00,000660,22362.68826345159,22389.523489367733,22332.862267773093,22359.693900453636,150000
2026-01-28 15:05:00,000660,22359.693900453636,22436.014006643825,22332.862267773093,22409.123058973055,150000
2026-01-28 15:10:00,000660,22409.123058973055,22488.120196674012,22382.232111302288,22461.166796518188,150000
2026-01-28 15:15:00,000660,22461.166796518188,22490.66499087746,22434.213396362367,22463.708540628704,150000
2026-01-28 09:00:00,035420,22000.0,22045.99464004421,21973.600000000002,22019.571154658617,150000
2026-01-28 09:05:00,035420,22019.571154658617,22065.482944546315,21993.14766927303,22039.036101224843,150000
2026-01-28 09:10:00,035420,22039.036101224843,22065.482944546315,21992.174332698818,22018.59664867723,150000
2026-01-28 09:15:00,035420,22018.59664867723,22048.21163165414,21992.174332698818,22021.785489067257,150000
2026-01-28 09:20:00,035420,22021.785489067257,22072.019520765472,21995.359346480378,22045.564842953925,150000
2026-01-28 09:25:00,035420,22045.564842953925,22072.019520765472,22017.70489759795,22044.15788706242,150000
2026-01-28 09:30:00,035420,22044.15788706242,22070.6108765269,22001.02062125683,22027.453565535474,150000
2026-01-28 09:35:00,035420,22027.453565535474,22085.706750109362,22001.02062125683,22059.23566730859,150000
2026-01-28 09:40:00,035420,22059.23566730859,22085.706750109362,22031.816058088185,22058.286001289733,150000
2026-01-28 09:45:00,035420,22058.286001289733,22090.82046452439,22031.816058088185,22064.343252621242,150000
2026-01-28 09:50:00,035420,22064.343252621242,22129.595893044745,22037.866040718098,22103.072206397068,150000
2026-01-28 09:55:00,035420,22103.072206397068,22133.68952458322,22076.54851974939,22107.16093146546,150000
2026-01-28 10:00:00,035420,22107.16093146546,22141.544875860305,22080.632338347703,22115.00686761916,150000
2026-01-28 10:05:00,035420,22115.00686761916,22191.642208506204,22088.468859378016,22165.04415551958,150000
2026-01-28 10:10:00,035420,22165.04415551958,22191.642208506204,22119.804141592616,22146.379797349437,150000
2026-01-28 10:15:00,035420,22146.379797349437,22172.955453106257,22065.7022333534,22092.212888819984,150000
2026-01-28 10:20:00,035420,22092.212888819984,22198.887497728458,22065.7022333534,22172.280760815476,150000
2026-01-28 10:25:00,035420,22172.280760815476,22241.637791253197,22145.6740239025,22214.979815474624,150000
2026-01-28 10:30:00,035420,22214.979815474624,22268.89579124249,22188.321839696055,22242.205145068405,150000
2026-01-28 10:35:00,035420,22242.205145068405,22268.89579124249,22153.753888302075,22180.370332701317,150000
2026-01-28 10:40:00,035420,22180.370332701317,22206.98677710056,22138.576533822816,22165.174743515032,150000
2026-01-28 10:45:00,035420,22165.174743515032,22191.77295320725,22097.6039954533,22124.152979028135,150000
2026-01-28 10:50:00,035420,22124.152979028135,22150.70196260297,22090.526350219072,22117.06683041557,150000
2026-01-28 10:55:00,035420,22117.06683041557,22143.60731061207,22053.451507205635,22079.9474441386,150000
2026-01-28 11:00:00,035420,22079.9474441386,22106.44338107157,22052.322903587068,22078.81748456855,150000
2026-01-28 11:05:00,035420,22078.81748456855,22121.67866336071,22052.322903587068,22095.164466001508,150000
2026-01-28 11:10:00,035420,22095.164466001508,22121.67866336071,22067.70226678448,22094.21532517469,150000
2026-01-28 11:15:00,035420,22094.21532517469,22140.35980706241,22067.70226678448,22113.82321919937,150000
2026-01-28 11:20:00,035420,22113.82321919937,22140.35980706241,22030.000171654432,22056.46793317424,150000
2026-01-28 11:25:00,035420,22056.46793317424,22179.55586897727,22030.000171654432,22152.97230221461,150000
2026-01-28 11:30:00,035420,22152.97230221461,22243.213014722296,22126.388735451954,22216.553150941163,150000
2026-01-28 11:35:00,035420,22216.553150941163,22243.213014722296,22183.99463118927,22210.647408078967,150000
2026-01-28 11:40:00,035420,22210.647408078967,22237.300184968663,22170.312528222144,22196.948866862378,150000
2026-01-28 11:45:00,035420,22196.948866862378,22279.14416851637,22170.312528222144,22252.441239029533,800000
2026-01-28 11:50:00,035420,22252.441239029533,22279.14416851637,22219.258876480286,22245.954021305854,150000
2026-01-28 11:55:00,035420,22245.954021305854,22333.574312170407,22219.258876480286,22306.80614479665,150000
2026-01-28 12:00:00,035420,22306.80614479665,22397.73755285394,22280.037977422893,22370.89248187569,150000
2026-01-28 12:05:00,035420,22370.89248187569,22397.73755285394,22341.438627120096,22368.280563796652,150000
2026-01-28 12:10:00,035420,22368.280563796652,22409.707151388564,22341.438627120096,22382.847734107632,150000
2026-01-28 12:15:00,035420,22382.847734107632,22417.997431833955,22355.988316826704,22391.128078140184,150000
2026-01-28 12:20:00,035420,22391.128078140184,22443.294092625,22364.258724446416,22416.394419321812,150000
2026-01-28 12:25:00,035420,22416.394419321812,22443.294092625,22386.08804392996,22412.983624279095,150000
2026-01-28 12:30:00,035420,22412.983624279095,22507.430840627243,22386.08804392996,22480.454295472675,150000
2026-01-28 12:35:00,035420,22480.454295472675,22507.430840627243,22403.597427895704,22430.5140447494,150000
2026-01-28 12:40:00,035420,22430.5140447494,22500.15775696604,22403.597427895704,22473.189929051176,150000
2026-01-28 12:45:00,035420,22473.189929051176,22556.408151358453,22446.222101136314,22529.372903873802,800000
2026-01-28 12:50:00,035420,22529.372903873802,22561.88878483732,22502.337656389154,22534.846968475147,150000
2026-01-28 12:55:00,035420,22534.846968475147,22566.016192234438,22507.80515211298,22538.969428919732,150000
2026-01-28 13:00:00,035420,22538.969428919732,22603.44228521075,22511.92266560503,22576.35066441345,150000
2026-01-28 13:05:00,035420,22576.35066441345,22603.44228521075,22534.779738954214,22561.853963710666,150000
2026-01-28 13:10:00,035420,22561.853963710666,22607.887837468734,22534.779738954214,22580.790888402647,150000
2026-01-28 13:15:00,035420,22580.790888402647,22607.887837468734,22535.065731705425,22562.140300065505,150000
2026-01-28 13:20:00,035420,22562.140300065505,22589.214868425584,22508.117924817816,22535.160116958166,150000
2026-01-28 13:25:00,035420,22535.160116958166,22576.25058114096,22508.117924817816,22549.191551279422,150000
2026-01-28 13:30:00,035420,22549.191551279422,22576.25058114096,22511.143778628208,22538.189606155593,150000
2026-01-28 13:35:00,035420,22538.189606155593,22594.06138654424,22511.143778628208,22566.981009333038,150000
2026-01-28 13:40:00,035420,22566.981009333038,22594.06138654424,22535.302335855136,22562.377188481314,150000
2026-01-28 13:45:00,035420,22562.377188481314,22645.92567121026,22535.302335855136,22618.783131452517,800000
2026-01-28 13:50:00,035420,22618.783131452517,22680.20558511485,22591.640591694773,22653.021958764333,150000
2026-01-28 13:55:00,035420,22653.021958764333,22680.20558511485,22601.565094160575,22628.71955762973,150000
2026-01-28 14:00:00,035420,22628.71955762973,22655.874021098887,22598.88162023439,22626.03285966599,150000
2026-01-28 14:05:00,035420,22626.03285966599,22714.129272682465,22598.88162023439,22686.904986698424,150000
2026-01-28 14:10:00,035420,22686.904986698424,22745.5394004323,22659.680700714387,22718.277467471333,150000
2026-01-28 14:15:00,035420,22718.277467471333,22802.215037475053,22691.015534510367,22774.88517526473,150000
2026-01-28 14:20:00,035420,22774.88517526473,22820.010303263683,22747.555313054414,22792.659112328885,150000
2026-01-28 14:25:00,035420,22792.659112328885,22820.010303263683,22744.815738195746,22772.142308966504,150000
2026-01-28 14:30:00,035420,22772.142308966504,22800.79837957858,22744.815738195746,22773.470215320194,150000
2026-01-28 14:35:00,035420,22773.470215320194,22805.406425220746,22746.14205106181,22778.07273793522,150000
2026-01-28 14:40:00,035420,22778.07273793522,22805.406425220746,22723.368444984648,22750.669248082348,150000
2026-01-28 14:45:00,035420,22750.669248082348,22777.970051180047,22706.058671702333,22733.33867811607,150000
2026-01-28 14:50:00,035420,22733.33867811607,22768.77595855089,22706.058671702333,22741.48617514072,150000
2026-01-28 14:55:00,035420,22741.48617514072,22768.77595855089,22674.867247786467,22702.109779521892,150000
2026-01-28 15:00:00,035420,22702.109779521892,22757.681286240524,22674.867247786467,22730.404800479948,150000
2026-01-28 15:05:00,035420,22730.404800479948,22762.304693166658,22703.12831471937,22735.022665967495,150000
2026-01-28 15:10:00,035420,22735.022665967495,22805.01236587892,22707.740638768333,22777.67915089784,150000
2026-01-28 15:15:00,035420,22777.67915089784,22805.01236587892,22649.058901546847,22676.270426058116,150000
2026-01-29 09:00:00,005930,22000.0,22026.4,21938.799329836307,21965.157518858938,150000
2026-01-29 09:05:00,005930,21965.157518858938,22024.979570917745,21938.799329836307,21998.581273389675,150000
2026-01-29 09:10:00,005930,21998.581273389675,22024.979570917745,21941.337612938452,21967.698851560323,150000
2026-01-29 09:15:00,005930,21967.698851560323,22000.909077620767,21941.337612938452,21974.539630064686,150000
2026-01-29 09:20:00,005930,21974.539630064686,22000.909077620767,21918.57850004324,21944.91239491714,150000
2026-01-29 09:25:00,005930,21944.91239491714,21971.246289791045,21898.073866145303,21924.38312589638,150000
2026-01-29 09:30:00,005930,21924.38312589638,21950.692385647457,21878.4752811521,21904.760994345314,150000
2026-01-29 09:35:00,005930,21904.760994345314,21931.6362306487,21878.4752811521,21905.349810875647,150000
2026-01-29 09:40:00,005930,21905.349810875647,21931.6362306487,21830.85261021509,21857.08110754414,150000
2026-01-29 09:45:00,005930,21857.08110754414,21883.309604873197,21826.237626500264,21852.460579195296,150000
2026-01-29 09:50:00,005930,21852.460579195296,21878.683531890332,21826.07863976938,21852.30140145112,150000
2026-01-29 09:55:00,005930,21852.30140145112,21900.80363532553,21826.07863976938,21874.554170321142,150000
2026-01-29 10:00:00,005930,21874.554170321142,21937.152242559063,21848.304705316757,21910.859211505256,150000
2026-01-29 10:05:00,005930,21910.859211505256,21942.573615003857,21884.56618045145,21916.274086100533,150000
2026-01-29 10:10:00,005930,21916.274086100533,21992.254965946056,21889.974557197213,21965.895890877004,150000
2026-01-29 10:15:00,005930,21965.895890877004,22043.415504256227,21939.53681580795,22016.995110124077,150000
2026-01-29 10:20:00,005930,22016.995110124077,22065.774840950176,21990.57471599193,22039.327647772847,150000
2026-01-29 10:25:00,005930,22039.327647772847,22065.774840950176,22010.669544728513,22037.114081626463,150000
2026-01-29 10:30:00,005930,22037.114081626463,22120.8297589764,22010.669544728513,22094.3165790815,150000
2026-01-29 10:35:00,005930,22094.3165790815,22120.8297589764,22037.603307271642,22064.08020351586,150000
2026-01-29 10:40:00,005930,22064.08020351586,22170.475569614027,22037.603307271642,22143.902886150645,150000
2026-01-29 10:45:00,005930,22143.902886150645,22174.651812352087,22117.330202687266,22148.074123404,150000
2026-01-29 10:50:00,005930,22148.074123404,22218.229296622925,22121.496434455916,22191.59937737008,150000
2026-01-29 10:55:00,005930,22191.59937737008,22218.229296622925,22122.48619915517,22149.065077247866,150000
2026-01-29 11:00:00,005930,22149.065077247866,22175.643955340565,22091.888093354188,22118.430209605714,150000
2026-01-29 11:05:00,005930,22118.430209605714,22243.016307729726,22091.888093354188,22216.356679714067,150000
2026-01-29 11:10:00,005930,22216.356679714067,22252.233519718877,22189.69705169841,22225.562844305707,150000
2026-01-29 11:15:00,005930,22225.562844305707,22288.363861134683,22198.89216889254,22261.64988127715,150000
2026-01-29 11:20:00,005930,22261.64988127715,22288.363861134683,22203.03791609463,22229.713572381486,150000
2026-01-29 11:25:00,005930,22229.713572381486,22278.60354255991,22203.03791609463,22251.901261046653,150000
2026-01-29 11:30:00,005930,22251.901261046653,22309.828795777303,22225.198979533398,22283.089088870656,150000
2026-01-29 11:35:00,005930,22283.089088870656,22333.569956355026,22256.349381964013,22306.801794201983,150000
2026-01-29 11:40:00,005930,22306.801794201983,22333.569956355026,22273.24342467336,22300.003428787906,150000
2026-01-29 11:45:00,005930,22300.003428787906,22382.58034148471,22273.24342467336,22355.753437359876,800000
2026-01-29 11:50:00,005930,22355.753437359876,22384.15967615035,22328.926533235044,22357.330879095432,150000
2026-01-29 11:55:00,005930,22357.330879095432,22384.15967615035,22308.315751769853,22335.117893241742,150000
2026-01-29 12:00:00,005930,22335.117893241742,22385.246376153733,22308.315751769853,22358.416276621785,150000
2026-01-29 12:05:00,005930,22358.416276621785,22404.899998853707,22331.58617708984,22378.046343241815,150000
2026-01-29 12:10:00,005930,22378.046343241815,22442.944631569248,22351.192687629926,22416.045377116705,150000
2026-01-29 12:15:00,005930,22416.045377116705,22455.125566848248,22389.146122664166,22428.211712792894,150000
2026-01-29 12:20:00,005930,22428.211712792894,22455.125566848248,22352.176461061656,22379.03129862,150000
2026-01-29 12:25:00,005930,22379.03129862,22405.886136178346,22350.018132742647,22376.870377195282,150000
2026-01-29 12:30:00,005930,22376.870377195282,22403.722621647918,22307.385465039653,22334.186488826243,150000
2026-01-29 12:35:00,005930,22334.186488826243,22373.943010718915,22307.385465039653,22347.126458968152,150000
2026-01-29 12:40:00,005930,22347.126458968152,22373.943010718915,22306.715225875458,22333.51544440875,150000
2026-01-29 12:45:00,005930,22333.51544440875,22416.216452099394,22306.715225875458,22389.34923301977,800000
2026-01-29 12:50:00,005930,22389.34923301977,22428.817992301247,22362.482013940145,22401.93566949785,150000
2026-01-29 12:55:00,005930,22401.93566949785,22428.817992301247,22360.18812304271,22387.052586146085,150000
2026-01-29 13:00:00,005930,22387.052586146085,22420.713733806257,22360.18812304271,22393.841124456907,150000
2026-01-29 13:05:00,005930,22393.841124456907,22470.080106283276,22366.96851510756,22443.148328289328,150000
2026-01-29 13:10:00,005930,22443.148328289328,22497.370161939267,22416.21655029538,22470.40567512911,150000
2026-01-29 13:15:00,005930,22470.40567512911,22497.370161939267,22428.38713467607,22455.333534917972,150000
2026-01-29 13:20:00,005930,22455.333534917972,22503.021942045623,22428.38713467607,22476.05068122815,150000
2026-01-29 13:25:00,005930,22476.05068122815,22512.11924317236,22449.079420410675,22485.137078677944,150000
2026-01-29 13:30:00,005930,22485.137078677944,22536.058971233928,22458.15491418353,22509.048113497727,150000
2026-01-29 13:35:00,005930,22509.048113497727,22572.464331372285,22482.03725576153,22545.409839564803,150000
2026-01-29 13:40:00,005930,22545.409839564803,22572.464331372285,22479.89148681028,22506.899766530118,150000
2026-01-29 13:45:00,005930,22506.899766530118,22590.24281636558,22479.89148681028,22563.16701594644,800000
2026-01-29 13:50:00,005930,22563.16701594644,22590.24281636558,22491.381960547507,22518.40404540199,150000
2026-01-29 13:55:00,005930,22518.40404540199,22545.426130256474,22470.918087821243,22497.915586525072,150000
2026-01-29 14:00:00,005930,22497.915586525072,22549.053495067794,22470.918087821243,22522.027062592682,150000
2026-01-29 14:05:00,005930,22522.027062592682,22586.04296367877,22495.00063011757,22558.972197042316,150000
2026-01-29 14:10:00,005930,22558.972197042316,22586.04296367877,22531.85799792466,22558.928712379515,150000
2026-01-29 14:15:00,005930,22558.928712379515,22585.999426834373,22459.82403827722,22486.80820812697,150000
2026-01-29 14:20:00,005930,22486.80820812697,22513.792377976726,22445.89779208641,22472.865230362844,150000
2026-01-29 14:25:00,005930,22472.865230362844,22521.07080699473,22445.89779208641,22494.077913498528,150000
2026-01-29 14:30:00,005930,22494.077913498528,22555.99557079819,22467.08502000233,22528.96081781681,150000
2026-01-29 14:35:00,005930,22528.96081781681,22586.617530331197,22501.92606483543,22559.546075041148,150000
2026-01-29 14:40:00,005930,22559.546075041148,22620.690201588113,22532.474619751098,22593.577908098392,150000
2026-01-29 14:45:00,005930,22593.577908098392,22634.60624362458,22566.465614608675,22607.4772708995,150000
2026-01-29 14:50:00,005930,22607.4772708995,22634.60624362458,22538.80798137717,22565.88704583217,150000
2026-01-29 14:55:00,005930,22565.88704583217,22659.928572010875,22538.80798137717,22632.769248912176,150000
2026-01-29 15:00:00,005930,22632.769248912176,22699.763936696512,22605.609925813482,22672.556868454365,150000
2026-01-29 15:05:00,005930,22672.556868454365,22726.064352677866,22645.34980021222,22698.825761763746,150000
2026-01-29 15:10:00,005930,22698.825761763746,22742.28025021921,22671.58717084963,22715.022223550946,150000
2026-01-29 15:15:00,005930,22715.022223550946,22742.28025021921,22628.930658462017,22656.11800006209,150000
2026-01-29 09:00:00,000660,22000.0,22058.15237526883,21973.600000000002,22031.714318087124,150000
2026-01-29 09:05:00,000660,22031.714318087124,22130.325553007722,22005.27626090542,22103.800991817538,150000
2026-01-29 09:10:00,000660,22103.800991817538,22142.766484165753,22077.276430627357,22116.22701175165,150000
2026-01-29 09:15:00,000660,22116.22701175165,22178.59398452683,22089.68753933755,22152.01157064206,150000
2026-01-29 09:20:00,000660,22152.01157064206,22203.730872997254,22125.429156757287,22177.118331000052,150000
2026-01-29 09:25:00,000660,22177.118331000052,22261.429065771346,22150.50578900285,22234.74736892863,150000
2026-01-29 09:30:00,000660,22234.74736892863,22261.429065771346,22177.075142224174,22203.719605751074,150000
2026-01-29 09:35:00,000660,22203.719605751074,22230.364069277977,22169.51307102415,22196.148449163145,150000
2026-01-29 09:40:00,000660,22196.148449163145,22222.783827302144,22144.961852536653,22171.56773381723,150000
2026-01-29 09:45:00,000660,22171.56773381723,22198.173615097814,22120.74858262609,22147.325373073778,150000
2026-01-29 09:50:00,000660,22147.325373073778,22212.75014195977,22120.74858262609,22186.12678981199,150000
2026-01-29 09:55:00,000660,22186.12678981199,22212.75014195977,22158.888959453765,22185.511573341773,150000
2026-01-29 10:00:00,000660,22185.511573341773,22212.134187229785,22156.623861122433,22183.243753626783,150000
2026-01-29 10:05:00,000660,22183.243753626783,22209.863646131136,22145.48769989814,22172.094212953685,150000
2026-01-29 10:10:00,000660,22172.094212953685,22212.625590640837,22145.48769989814,22186.002387775505,150000
2026-01-29 10:15:00,000660,22186.002387775505,22212.625590640837,22141.500396845342,22168.102119388608,150000
2026-01-29 10:20:00,000660,22168.102119388608,22203.395097932607,22141.500396845342,22176.782958382548,150000
2026-01-29 10:25:00,000660,22176.782958382548,22263.096199208805,22150.17081883249,22236.41250420376,150000
2026-01-29 10:30:00,000660,22236.41250420376,22288.031318266763,22209.728809198714,22261.317736982382,150000
2026-01-29 10:35:00,000660,22261.317736982382,22288.031318266763,22229.521843705086,22256.229318887752,150000
2026-01-29 10:40:00,000660,22256.229318887752,22309.080654397418,22229.521843705086,22282.341844184393,150000
2026-01-29 10:45:00,000660,22282.341844184393,22340.320396495907,22255.603033971372,22313.544143523675,150000
2026-01-29 10:50:00,000660,22313.544143523675,22341.984964138443,22286.767890551448,22315.206716079145,150000
2026-01-29 10:55:00,000660,22315.206716079145,22345.563860584847,22288.42846801985,22318.78132299725,150000
2026-01-29 11:00:00,000660,22318.78132299725,22345.563860584847,22258.559229177223,22285.301591086525,150000
2026-01-29 11:05:00,000660,22285.301591086525,22394.007560657625,22258.559229177223,22367.166960305258,150000
2026-01-29 11:10:00,000660,22367.166960305258,22432.061675861005,22340.32635995289,22405.17546530264,150000
2026-01-29 11:15:00,000660,22405.17546530264,22432.061675861005,22325.317139607752,22352.13970725646,150000
2026-01-29 11:20:00,000660,22352.13970725646,22378.96227490517,22269.640865340556,22296.396541189984,150000
2026-01-29 11:25:00,000660,22296.396541189984,22419.614183699927,22269.640865340556,22392.74289222925,150000
2026-01-29 11:30:00,000660,22392.74289222925,22458.42040582784,22365.871600758575,22431.502602704593,150000
2026-01-29 11:35:00,000660,22431.502602704593,22458.42040582784,22390.725798797732,22417.626951139096,150000
2026-01-29 11:40:00,000660,22417.626951139096,22488.383674976318,22390.725798797732,22461.429959025485,150000
2026-01-29 11:45:00,000660,22461.429959025485,22544.604634163756,22434.476243074656,22517.583533923047,800000
2026-01-29 11:50:00,000660,22517.583533923047,22602.805792835617,22490.56243368234,22575.714934913718,150000
2026-01-29 11:55:00,000660,22575.714934913718,22661.888671562167,22548.624076991822,22634.72699916317,150000
2026-01-29 12:00:00,000660,22634.72699916317,22661.888671562167,22579.922350176985,22607.050811150366,150000
2026-01-29 12:05:00,000660,22607.050811150366,22634.179272123747,22514.34719764578,22541.396873894453,150000
2026-01-29 12:10:00,000660,22541.396873894453,22568.44655014313,22504.12723021773,22531.164627771057,150000
2026-01-29 12:15:00,000660,22531.164627771057,22595.507635614307,22504.12723021773,22568.425524984323,150000
2026-01-29 12:20:00,000660,22568.425524984323,22649.53080231754,22541.34341435434,22622.383941587632,150000
2026-01-29 12:25:00,000660,22622.383941587632,22713.6103458241,22595.23708085773,22686.386681805932,150000
2026-01-29 12:30:00,000660,22686.386681805932,22756.358619804992,22659.163017787767,22729.08371934178,150000
2026-01-29 12:35:00,000660,22729.08371934178,22767.64711785749,22701.80881887857,22740.35868743257,150000
2026-01-29 12:40:00,000660,22740.35868743257,22767.64711785749,22694.86232459474,22722.128879249838,150000
2026-01-29 12:45:00,000660,22722.128879249838,22806.2689224897,22694.86232459474,22778.934201447963,800000
2026-01-29 12:50:00,000660,22778.934201447963,22806.2689224897,22749.623923766645,22776.956271292194,150000
2026-01-29 12:55:00,000660,22776.956271292194,22822.12170223507,22749.623923766645,22794.767980658275,150000
2026-01-29 13:00:00,000660,22794.767980658275,22841.598959175706,22767.414259081484,22814.221892904217,150000
2026-01-29 13:05:00,000660,22814.221892904217,22841.598959175706,22766.840977303862,22794.194010116,150000
2026-01-29 13:10:00,000660,22794.194010116,22821.54704292814,22742.758646827027,22770.082746122374,150000
2026-01-29 13:15:00,000660,22770.082746122374,22797.406845417725,22723.62443276209,22750.92554341419,150000
2026-01-29 13:20:00,000660,22750.92554341419,22778.22665406629,22670.374378388224,22697.611512202868,150000
2026-01-29 13:25:00,000660,22697.611512202868,22739.387976553615,22670.374378388224,22712.133416453868,150000
2026-01-29 13:30:00,000660,22712.133416453868,22739.387976553615,22664.542586972726,22691.772714229803,150000
2026-01-29 13:35:00,000660,22691.772714229803,22797.007265225195,22664.542586972726,22769.68364485137,150000
2026-01-29 13:40:00,000660,22769.68364485137,22833.62494937919,22742.36002447755,22806.25744045065,150000
2026-01-29 13:45:00,000660,22806.25744045065,22890.709011752635,22778.88993152211,22863.273084051772,800000
2026-01-29 13:50:00,000660,22863.273084051772,22890.709011752635,22758.934453159454,22786.277986743546,150000
2026-01-29 13:55:00,000660,22786.277986743546,22813.62152032764,22709.136917751865,22736.420622498863,150000
2026-01-29 14:00:00,000660,22736.420622498863,22763.704327245865,22671.107449975854,22698.345464533293,150000
2026-01-29 14:05:00,000660,22698.345464533293,22743.92229702661,22671.107449975854,22716.66230226389,150000
2026-01-29 14:10:00,000660,22716.66230226389,22743.92229702661,22687.782260172633,22715.040308542884,150000
2026-01-29 14:15:00,000660,22715.040308542884,22784.35077856181,22687.782260172633,22757.042327768486,150000
2026-01-29 14:20:00,000660,22757.042327768486,22784.35077856181,22715.123502303442,22742.41439958294,150000
2026-01-29 14:25:00,000660,22742.41439958294,22804.938898682405,22715.123502303442,22777.605771756294,150000
2026-01-29 14:30:00,000660,22777.605771756294,22804.938898682405,22748.811900217377,22776.14327214395,150000
2026-01-29 14:35:00,000660,22776.14327214395,22803.474644070524,22724.15086296385,22751.452606091156,150000
2026-01-29 14:40:00,000660,22751.452606091156,22816.597199367538,22724.15086296385,22789.25009924844,150000
2026-01-29 14:45:00,000660,22789.25009924844,22829.129511695923,22761.90299912934,22801.767390826928,150000
2026-01-29 14:50:00,000660,22801.767390826928,22895.194507955042,22774.405269957937,22867.753204110108,150000
2026-01-29 14:55:00,000660,22867.753204110108,22895.194507955042,22814.80839851119,22842.219061384854,150000
2026-01-29 15:00:00,000660,22842.219061384854,22912.86101344767,22814.80839851119,22885.398535205422,150000
2026-01-29 15:05:00,000660,22885.398535205422,22921.08479795506,22857.936056963175,22893.61246299946,150000
2026-01-29 15:10:00,000660,22893.61246299946,22976.300105713843,22866.14012804386,22948.761591803675,150000
2026-01-29 15:15:00,000660,22948.761591803675,22992.45448240829,22921.22307789351,22964.896606480514,150000
2026-01-29 09:00:00,035420,22000.0,22034.002528540743,21973.600000000002,22007.59341644101,150000
2026-01-29 09:05:00,035420,22007.59341644101,22034.002528540743,21945.80811103722,21972.17472070206,150000
2026-01-29 09:10:00,035420,21972.17472070206,22039.637115039368,21945.80811103722,22013.221249539918,150000
2026-01-29 09:15:00,035420,22013.221249539918,22039.637115039368,21950.162639158003,21976.534480534643,150000
2026-01-29 09:20:00,035420,21976.534480534643,22033.42862344101,21950.162639158003,22007.020199201965,150000
2026-01-29 09:25:00,035420,22007.020199201965,22056.417261541945,21980.611774962923,22029.98128400114,150000
2026-01-29 09:30:00,035420,22029.98128400114,22056.417261541945,21974.22326808587,22000.624016906157,150000
2026-01-29 09:35:00,035420,22000.624016906157,22027.024765726444,21957.908966284365,21984.29011442167,150000
2026-01-29 09:40:00,035420,21984.29011442167,22010.67126255898,21939.836880230097,21966.19631580907,150000
2026-01-29 09:45:00,035420,21966.19631580907,22015.42461002669,21939.836880230097,21989.03776470904,150000
2026-01-29 09:50:00,035420,21989.03776470904,22079.523385487933,21962.650919391388,22053.059713831335,150000
2026-01-29 09:55:00,035420,22053.059713831335,22079.523385487933,22023.295402297303,22049.755108427416,150000
2026-01-29 10:00:00,035420,22049.755108427416,22078.934884688206,22023.295402297303,22052.47191838614,150000
2026-01-29 10:05:00,035420,22052.47191838614,22134.811661909804,22026.008952084077,22108.28172384119,150000
2026-01-29 10:10:00,035420,22108.28172384119,22134.811661909804,22057.540530580296,22084.04138023658,150000
2026-01-29 10:15:00,035420,22084.04138023658,22128.04713322324,22057.540530580296,22101.52530285981,150000
2026-01-29 10:20:00,035420,22101.52530285981,22155.118073530597,22075.003472496377,22128.563796974227,150000
2026-01-29 10:25:00,035420,22128.563796974227,22155.118073530597,22075.45896765283,22101.98134526715,150000
2026-01-29 10:30:00,035420,22101.98134526715,22177.53705275162,22075.45896765283,22150.95590566482,150000
2026-01-29 10:35:00,035420,22150.95590566482,22210.575628638446,22124.374758578026,22183.954882779108,150000
2026-01-29 10:40:00,035420,22183.954882779108,22231.928670795915,22157.334136919773,22205.282331997514,150000
2026-01-29 10:45:00,035420,22205.282331997514,22265.836547061586,22178.635993199117,22239.149567580487,150000
2026-01-29 10:50:00,035420,22239.149567580487,22345.2022146062,22212.46258809939,22318.42011047363,150000
2026-01-29 10:55:00,035420,22318.42011047363,22437.85776889741,22291.63800634106,22410.964611363772,150000
2026-01-29 11:00:00,035420,22410.964611363772,22480.535021688556,22384.071453830136,22453.590712833153,150000
2026-01-29 11:05:00,035420,22453.590712833153,22480.535021688556,22410.01016932208,22436.93449071093,150000
2026-01-29 11:10:00,035420,22436.93449071093,22508.99477265491,22410.01016932208,22482.01635303127,150000
2026-01-29 11:15:00,035420,22482.01635303127,22508.99477265491,22430.033424511425,22456.981802674632,150000
2026-01-29 11:20:00,035420,22456.981802674632,22506.76246199445,22430.033424511425,22479.78671793293,150000
2026-01-29 11:25:00,035420,22479.78671793293,22506.76246199445,22436.944120111548,22463.900801072836,150000
2026-01-29 11:30:00,035420,22463.900801072836,22547.960404868514,22436.944120111548,22520.935282529477,150000
2026-01-29 11:35:00,035420,22520.935282529477,22595.691549824616,22493.910160190444,22568.6092187621,150000
2026-01-29 11:40:00,035420,22568.6092187621,22635.641556123992,22541.526887699587,22608.511342512975,150000
2026-01-29 11:45:00,035420,22608.511342512975,22692.230660014302,22581.38112890196,22665.032620869257,800000
2026-01-29 11:50:00,035420,22665.032620869257,22720.033176835303,22637.834581724215,22692.801814657712,150000
2026-01-29 11:55:00,035420,22692.801814657712,22796.772440162727,22665.570452480122,22769.449101241236,150000
2026-01-29 12:00:00,035420,22769.449101241236,22840.335298484177,22742.12576231975,22812.95974678803,150000
2026-01-29 12:05:00,035420,22812.95974678803,22841.917728835448,22785.584195091884,22814.540280498848,150000
2026-01-29 12:10:00,035420,22814.540280498848,22841.917728835448,22741.358220062433,22768.680636826626,150000
2026-01-29 12:15:00,035420,22768.680636826626,22796.00305359082,22716.816191873397,22744.10912282078,150000
2026-01-29 12:20:00,035420,22744.10912282078,22771.402053768168,22711.022934591863,22738.308905278198,150000
2026-01-29 12:25:00,035420,22738.308905278198,22765.594875964533,22676.761103111236,22704.00591020348,150000
2026-01-29 12:30:00,035420,22704.00591020348,22735.93444967872,22676.761103111236,22708.684028844105,150000
2026-01-29 12:35:00,035420,22708.684028844105,22802.43388256355,22681.433608009494,22775.103758053883,150000
2026-01-29 12:40:00,035420,22775.103758053883,22802.43388256355,22711.28578739026,22738.572073878917,150000
2026-01-29 12:45:00,035420,22738.572073878917,22822.77300626849,22711.28578739026,22795.41850406361,800000
2026-01-29 12:50:00,035420,22795.41850406361,22822.77300626849,22767.519147301155,22794.872994895028,150000
2026-01-29 12:55:00,035420,22794.872994895028,22822.226842488904,22716.293330167773,22743.585632927286,150000
2026-01-29 13:00:00,035420,22743.585632927286,22770.8779356868,22693.68114179922,22720.94627733202,150000
2026-01-29 13:05:00,035420,22720.94627733202,22763.71315750027,22693.68114179922,22736.429442169665,150000
2026-01-29 13:10:00,035420,22736.429442169665,22765.748003345114,22709.145726839062,22738.46184912616,150000
2026-01-29 13:15:00,035420,22738.46184912616,22765.748003345114,22627.551381240715,22654.73706571958,150000
2026-01-29 13:20:00,035420,22654.73706571958,22682.85449956481,22627.551381240715,22655.66769832682,150000
2026-01-29 13:25:00,035420,22655.66769832682,22682.85449956481,22607.96229179617,22635.12444112552,150000
2026-01-29 13:30:00,035420,22635.12444112552,22681.37958131161,22607.96229179617,22654.194547854182,150000
2026-01-29 13:35:00,035420,22654.194547854182,22681.99868441877,22627.00951439676,22654.812908928056,150000
2026-01-29 13:40:00,035420,22654.812908928056,22750.481647092336,22627.62713343734,22723.213790543683,150000
2026-01-29 13:45:00,035420,22723.213790543683,22807.35785121007,22695.94593399503,22780.02182502004,800000
2026-01-29 13:50:00,035420,22780.02182502004,22832.884167655608,22752.685798830018,22805.517546599687,150000
2026-01-29 13:55:00,035420,22805.517546599687,22832.884167655608,22761.102329795067,22788.448467956616,150000
2026-01-29 14:00:00,035420,22788.448467956616,22853.49203473437,22761.102329795067,22826.100713877713,150000
2026-01-29 14:05:00,035420,22826.100713877713,22896.881433914066,22798.70939302106,22869.438108184244,150000
2026-01-29 14:10:00,035420,22869.438108184244,22906.935229167684,22841.99478245442,22879.47985334367,150000
2026-01-29 14:15:00,035420,22879.47985334367,22906.935229167684,22815.23940129375,22842.65058199214,150000
2026-01-29 14:20:00,035420,22842.65058199214,22870.061762690533,22800.73513687053,22828.12889154038,150000
2026-01-29 14:25:00,035420,22828.12889154038,22889.56874228033,22800.73513687053,22862.134181262812,150000
2026-01-29 14:30:00,035420,22862.134181262812,22952.24826351168,22834.699620245297,22924.738577219014,150000
2026-01-29 14:35:00,035420,22924.738577219014,22989.70331622039,22897.22889092635,22962.148737735108,150000
2026-01-29 14:40:00,035420,22962.148737735108,22989.70331622039,22897.898749744167,22925.409240833167,150000
2026-01-29 14:45:00,035420,22925.409240833167,22952.919731922168,22856.87426273975,22884.335465298107,150000
2026-01-29 14:50:00,035420,22884.335465298107,22966.619544196616,22856.87426273975,22939.09263303697,150000
2026-01-29 14:55:00,035420,22939.09263303697,23017.58971177165,22911.565721877327,22990.00170971998,150000
2026-01-29 15:00:00,035420,22990.00170971998,23028.904631246463,22962.41370766832,23001.303067565383,150000
2026-01-29 15:05:00,035420,23001.303067565383,23028.904631246463,22968.13315449629,22995.728028130045,150000
2026-01-29 15:10:00,035420,22995.728028130045,23023.322901763804,22911.25622022349,22938.782759534934,150000
2026-01-29 15:15:00,035420,22938.782759534934,22997.51147237259,22911.25622022349,22969.94753533019,150000
2026-01-30 09:00:00,005930,22000.0,22030.51246198324,21973.600000000002,22004.107532943704,150000
2026-01-30 09:05:00,005930,22004.107532943704,22079.91473865519,21977.702603904174,22053.450597937663,150000
2026-01-30 09:10:00,005930,22053.450597937663,22087.841682118586,22026.986457220137,22061.36804047002,150000
2026-01-30 09:15:00,005930,22061.36804047002,22135.955141775226,22034.894398821456,22109.423833175413,150000
2026-01-30 09:20:00,005930,22109.423833175413,22145.387244107973,22082.892524575604,22118.84463055131,150000
2026-01-30 09:25:00,005930,22118.84463055131,22150.727417319722,22092.30201699465,22124.178403235837,150000
2026-01-30 09:30:00,005930,22124.178403235837,22204.04486821365,22097.629389151956,22177.431949873797,150000
2026-01-30 09:35:00,005930,22177.431949873797,22266.125003273817,22150.81903153395,22239.43767806014,150000
2026-01-30 09:40:00,005930,22239.43767806014,22266.125003273817,22206.00063263059,22232.679848448726,150000
2026-01-30 09:45:00,005930,22232.679848448726,22303.410063495452,22206.00063263059,22276.678049835646,150000
2026-01-30 09:50:00,005930,22276.678049835646,22343.019621024465,22249.946036175843,22316.240132865023,150000
2026-01-30 09:55:00,005930,22316.240132865023,22343.019621024465,22245.354113994497,22272.08061072737,150000
2026-01-30 10:00:00,005930,22272.08061072737,22298.807107460245,22239.858746523525,22266.578640892596,150000
2026-01-30 10:05:00,005930,22266.578640892596,22293.911884723504,22239.858746523525,22267.19125521724,150000
2026-01-30 10:10:00,005930,22267.19125521724,22293.911884723504,22222.974704872526,22249.674314049385,150000
2026-01-30 10:15:00,005930,22249.674314049385,22276.373923226245,22201.471692600382,22228.145467160975,150000
2026-01-30 10:20:00,005930,22228.145467160975,22254.819241721572,22184.57049609967,22211.223964857498,150000
2026-01-30 10:25:00,005930,22211.223964857498,22237.87743361533,22173.46908759583,22200.109218658217,150000
2026-01-30 10:30:00,005930,22200.109218658217,22286.264879005823,22173.46908759583,22259.553414907932,150000
2026-01-30 10:35:00,005930,22259.553414907932,22290.865480077708,22232.84195081004,22264.148501875454,150000
2026-01-30 10:40:00,005930,22264.148501875454,22290.865480077708,22227.542568121728,22254.247665320112,150000
2026-01-30 10:45:00,005930,22254.247665320112,22280.952762518496,22200.23750302956,22226.9097947833,150000
2026-01-30 10:50:00,005930,22226.9097947833,22253.58208653704,22158.483956268527,22185.106083568808,150000
2026-01-30 10:55:00,005930,22185.106083568808,22241.58877329767,22158.483956268527,22214.930856270144,150000
2026-01-30 11:00:00,005930,22214.930856270144,22297.89431503361,22188.27293924262,22271.1689123388,150000
2026-01-30 11:05:00,005930,22271.1689123388,22335.601377938445,22244.443509643992,22308.83078100124,150000
2026-01-30 11:10:00,005930,22308.83078100124,22382.438747020886,22282.06018406404,22355.612012605758,150000
2026-01-30 11:15:00,005930,22355.612012605758,22382.438747020886,22316.26034341946,22343.072029855288,150000
2026-01-30 11:20:00,005930,22343.072029855288,22369.883716291115,22313.991367214156,22340.800327607285,150000
2026-01-30 11:25:00,005930,22340.800327607285,22393.393098523826,22313.991367214156,22366.55323464225,150000
2026-01-30 11:30:00,005930,22366.55323464225,22414.07409510877,22339.71337076068,22387.209443776235,150000
2026-01-30 11:35:00,005930,22387.209443776235,22414.07409510877,22318.46938651021,22345.283726982587,150000
2026-01-30 11:40:00,005930,22345.283726982587,22372.09806745497,22313.648669445538,22340.457218107265,150000
2026-01-30 11:45:00,005930,22340.457218107265,22423.18393118592,22313.648669445538,22396.308361152533,800000
2026-01-30 11:50:00,005930,22396.308361152533,22423.18393118592,22340.745621825557,22367.586725896632,150000
2026-01-30 11:55:00,005930,22367.586725896632,22402.23954357034,22340.745621825557,22375.389076678322,150000
2026-01-30 12:00:00,005930,22375.389076678322,22416.11605240203,22348.53860978631,22389.24895365764,150000
2026-01-30 12:05:00,005930,22389.24895365764,22448.476195693398,22362.381854913252,22421.57031131981,150000
2026-01-30 12:10:00,005930,22421.57031131981,22471.79856706907,22394.664426946227,22444.864729393794,150000
2026-01-30 12:15:00,005930,22444.864729393794,22471.79856706907,22412.5350233217,22439.46237817551,150000
2026-01-30 12:20:00,005930,22439.46237817551,22466.389733029322,22405.22678350067,22432.14535793019,150000
2026-01-30 12:25:00,005930,22432.14535793019,22539.534968067248,22405.22678350067,22512.519944134285,150000
2026-01-30 12:30:00,005930,22512.519944134285,22539.534968067248,22469.895315497808,22496.891585400288,150000
2026-01-30 12:35:00,005930,22496.891585400288,22523.88785530277,22416.767464138193,22443.69990402302,150000
2026-01-30 12:40:00,005930,22443.69990402302,22489.760781094574,22416.767464138193,22462.805414597056,150000
2026-01-30 12:45:00,005930,22462.805414597056,22545.985183047313,22435.85004809954,22518.96242813355,800000
2026-01-30 12:50:00,005930,22518.96242813355,22545.985183047313,22440.29674896862,22467.25745791812,150000
2026-01-30 12:55:00,005930,22467.25745791812,22494.218166867624,22429.95688523789,22456.90517144362,150000
2026-01-30 13:00:00,005930,22456.90517144362,22510.955343983278,22429.95688523789,22483.974574493885,150000
2026-01-30 13:05:00,005930,22483.974574493885,22550.259293711068,22456.99380500449,22523.23141601185,150000
2026-01-30 13:10:00,005930,22523.23141601185,22597.34273422538,22496.20353831264,22570.25842411644,150000
2026-01-30 13:15:00,005930,22570.25842411644,22635.551689281605,22543.174114007503,22608.421583381543,150000
2026-01-30 13:20:00,005930,22608.421583381543,22662.985324541805,22581.291477481485,22635.82233773652,150000
2026-01-30 13:25:00,005930,22635.82233773652,22677.43094867278,22608.659350931237,22650.250647895304,150000
2026-01-30 13:30:00,005930,22650.250647895304,22698.713401829693,22623.07034711783,22671.50759271843,150000
2026-01-30 13:35:00,005930,22671.50759271843,22714.789473989385,22644.301783607167,22687.56439671333,150000
2026-01-30 13:40:00,005930,22687.56439671333,22818.623641004044,22660.339319437273,22791.274112069557,150000
2026-01-30 13:45:00,005930,22791.274112069557,22875.67020010655,22763.924583135074,22848.25229734973,800000
2026-01-30 13:50:00,005930,22848.25229734973,22894.46674579708,22820.83439459291,22867.026314220013,150000
2026-01-30 13:55:00,005930,22867.026314220013,22946.47773206193,22839.58588264295,22918.974962107397,150000
2026-01-30 14:00:00,005930,22918.974962107397,22946.47773206193,22874.067487927965,22901.549347144537,150000
2026-01-30 14:05:00,005930,22901.549347144537,22953.923726413974,22874.067487927965,22926.4120319756,150000
2026-01-30 14:10:00,005930,22926.4120319756,22979.823992334546,22898.90033753723,22952.28125482875,150000
2026-01-30 14:15:00,005930,22952.28125482875,23085.571649713573,22924.738517322956,23057.902167113036,150000
2026-01-30 14:20:00,005930,23057.902167113036,23085.571649713573,22979.701521838153,23007.310294191182,150000
2026-01-30 14:25:00,005930,23007.310294191182,23085.3528811149,22979.701521838153,23057.683660722032,150000
2026-01-30 14:30:00,005930,23057.683660722032,23087.66660414605,23030.014440329167,23059.99461061331,150000
2026-01-30 14:35:00,005930,23059.99461061331,23087.66660414605,23014.541067026636,23042.19169706311,150000
2026-01-30 14:40:00,005930,23042.19169706311,23134.801374813345,23014.541067026636,23107.072887348524,150000
2026-01-30 14:45:00,005930,23107.072887348524,23136.900177398944,23079.344399883707,23109.169174389674,150000
2026-01-30 14:50:00,005930,23109.169174389674,23136.900177398944,23049.903790277916,23077.596906565796,150000
2026-01-30 14:55:00,005930,23077.596906565796,23105.29002285368,23027.803210604772,23055.46977433397,150000
2026-01-30 15:00:00,005930,23055.46977433397,23132.166182808247,23027.803210604772,23104.440853783704,150000
2026-01-30 15:05:00,005930,23104.440853783704,23140.690784196413,23076.715524759165,23112.95523791092,150000
2026-01-30 15:10:00,005930,23112.95523791092,23140.690784196413,23047.00921428398,23074.698852907466,150000
2026-01-30 15:15:00,005930,23074.698852907466,23102.388491530957,23040.49231137547,23068.174120319854,150000
2026-01-30 09:00:00,000660,22000.0,22026.4,21910.831519479965,21937.156106808136,150000
2026-01-30 09:05:00,000660,21937.156106808136,21963.480694136306,21893.307537605022,21919.61107089009,150000
2026-01-30 09:10:00,000660,21919.61107089009,21952.46133287623,21893.307537605022,21926.149952932712,150000
2026-01-30 09:15:00,000660,21926.149952932712,22011.162684165763,21899.838572989192,21984.780947029325,150000
2026-01-30 09:20:00,000660,21984.780947029325,22015.10574571737,21958.39920989289,21988.719282578273,150000
2026-01-30 09:25:00,000660,21988.719282578273,22060.944427460592,21962.33281943918,22034.503023831992,150000
2026-01-30 09:30:00,000660,22034.503023831992,22072.4741087766,22008.061620203396,22046.018886113263,150000
2026-01-30 09:35:00,000660,22046.018886113263,22074.031156950514,22019.563663449928,22047.57406806883,150000
2026-01-30 09:40:00,000660,22047.57406806883,22074.031156950514,22018.670375727525,22045.124525157713,150000
2026-01-30 09:45:00,000660,22045.124525157713,22071.578674587905,21958.851091666165,21985.23337171222,150000
2026-01-30 09:50:00,000660,21985.23337171222,22011.61565175828,21929.620787031112,21955.967948569396,150000
2026-01-30 09:55:00,000660,21955.967948569396,22027.72101257977,21929.620787031112,22001.319429264648,150000
2026-01-30 10:00:00,000660,22001.319429264648,22027.72101257977,21906.124892671116,21932.44382526143,150000
2026-01-30 10:05:00,000660,21932.44382526143,21958.762757851746,21902.619571645388,21928.934292796745,150000
2026-01-30 10:10:00,000660,21928.934292796745,21958.303370676625,21902.619571645388,21931.984988690194,150000
2026-01-30 10:15:00,000660,21931.984988690194,21960.989029094202,21905.666606703766,21934.667428180383,150000
2026-01-30 10:20:00,000660,21934.667428180383,21960.989029094202,21894.177386976324,21920.481965334726,150000
2026-01-30 10:25:00,000660,21920.481965334726,21961.56433555738,21894.177386976324,21935.242045103256,150000
2026-01-30 10:30:00,000660,21935.242045103256,21978.970454298804,21908.919754649134,21952.62730153696,150000
2026-01-30 10:35:00,000660,21952.62730153696,21978.970454298804,21908.08060243309,21934.401884694722,150000
2026-01-30 10:40:00,000660,21934.401884694722,22019.695244310366,21908.08060243309,21993.303280373915,150000
2026-01-30 10:45:00,000660,21993.303280373915,22019.695244310366,21947.960174472028,21974.329369715684,150000
2026-01-30 10:50:00,000660,21974.329369715684,22031.930777443624,21947.960174472028,22005.52414846546,150000
2026-01-30 10:55:00,000660,22005.52414846546,22049.837641096667,21979.117519487303,22023.4095496371,150000
2026-01-30 11:00:00,000660,22023.4095496371,22082.219075489535,21996.981458177535,22055.752172882076,150000
2026-01-30 11:05:00,000660,22055.752172882076,22110.241809655156,22029.285270274617,22083.74132007107,150000
2026-01-30 11:10:00,000660,22083.74132007107,22117.664538462504,22057.240830486982,22091.155152279767,150000
2026-01-30 11:15:00,000660,22091.155152279767,22162.59344679242,22064.645766097034,22136.03021053977,150000
2026-01-30 11:20:00,000660,22136.03021053977,22215.060628960116,22109.466974287123,22188.434507551054,150000
2026-01-30 11:25:00,000660,22188.434507551054,22215.060628960116,22120.600161213482,22147.176773341493,150000
2026-01-30 11:30:00,000660,22147.176773341493,22173.753385469503,22108.851619615132,22135.414116555,150000
2026-01-30 11:35:00,000660,22135.414116555,22161.976613494866,22073.464452033597,22099.98443335362,150000
2026-01-30 11:40:00,000660,22099.98443335362,22126.504414673647,22030.423380476746,22056.891650457295,150000
2026-01-30 11:45:00,000660,22056.891650457295,22138.568320238937,22030.423380476746,22112.033879583436,800000
2026-01-30 11:50:00,000660,22112.033879583436,22138.568320238937,22046.214449213665,22072.701691243157,150000
2026-01-30 11:55:00,000660,22072.701691243157,22137.28339267833,22046.214449213665,22110.750492087824,150000
2026-01-30 12:00:00,000660,22110.750492087824,22170.25794991599,22084.21759149732,22143.68552728325,150000
2026-01-30 12:05:00,000660,22143.68552728325,22170.25794991599,22105.493510170807,22132.05197253785,150000
2026-01-30 12:10:00,000660,22132.05197253785,22161.25258954565,22105.493510170807,22134.690960393174,150000
2026-01-30 12:15:00,000660,22134.690960393174,22161.25258954565,22106.52511620808,22133.084817989664,150000
2026-01-30 12:20:00,000660,22133.084817989664,22173.324821233848,22106.52511620808,22146.748722766526,150000
2026-01-30 12:25:00,000660,22146.748722766526,22232.069180995528,22120.172624299208,22205.422673786983,150000
2026-01-30 12:30:00,000660,22205.422673786983,22232.069180995528,22174.41933902183,22201.060611755936,150000
2026-01-30 12:35:00,000660,22201.060611755936,22237.773969992704,22174.41933902183,22211.120625242413,150000
2026-01-30 12:40:00,000660,22211.120625242413,22237.773969992704,22182.626764968027,22209.277898446162,150000
2026-01-30 12:45:00,000660,22209.277898446162,22291.51885450411,22182.626764968027,22264.801093192276,800000
2026-01-30 12:50:00,000660,22264.801093192276,22320.564064437516,22238.083331880447,22293.811490648735,150000
2026-01-30 12:55:00,000660,22293.811490648735,22329.222876169988,22267.058916859958,22302.459924260875,150000
2026-01-30 13:00:00,000660,22302.459924260875,22329.222876169988,22247.309395275333,22274.03824116473,150000
2026-01-30 13:05:00,000660,22274.03824116473,22342.74355559514,22247.309395275333,22315.96439831716,150000
2026-01-30 13:10:00,000660,22315.96439831716,22373.7046329352,22289.18524103918,22346.888366894924,150000
2026-01-30 13:15:00,000660,22346.888366894924,22389.273901130276,22320.07210085465,22362.43897436104,150000
2026-01-30 13:20:00,000660,22362.43897436104,22389.273901130276,22304.554655869113,22331.352278603437,150000
2026-01-30 13:25:00,000660,22331.352278603437,22371.430425287832,22304.554655869113,22344.6168850258,150000
2026-01-30 13:30:00,000660,22344.6168850258,22381.446508003166,22317.803344763768,22354.620962847748,150000
2026-01-30 13:35:00,000660,22354.620962847748,22426.279644487462,22327.79541769233,22399.400364050598,150000
2026-01-30 13:40:00,000660,22399.400364050598,22426.279644487462,22371.557822354116,22398.4359454887,150000
2026-01-30 13:45:00,000660,22398.4359454887,22481.377353794847,22371.557822354116,22454.432035352424,800000
2026-01-30 13:50:00,000660,22454.432035352424,22488.345621510573,22427.48671691,22461.391951169167,150000
2026-01-30 13:55:00,000660,22461.391951169167,22496.235208274335,22434.438280827766,22469.272081776202,150000
2026-01-30 14:00:00,000660,22469.272081776202,22524.199265603664,22442.30895527807,22497.202622456713,150000
2026-01-30 14:05:00,000660,22497.202622456713,22534.50576801264,22470.205979309765,22507.496771886374,150000
2026-01-30 14:10:00,000660,22507.496771886374,22564.66999361466,22480.48777576011,22537.624843802096,150000
2026-01-30 14:15:00,000660,22537.624843802096,22610.645521746654,22510.579693989534,22583.54526742574,150000
2026-01-30 14:20:00,000660,22583.54526742574,22670.6634455666,22556.44501310483,22643.491256059326,150000
2026-01-30 14:25:00,000660,22643.491256059326,22808.588091102356,22616.319066552056,22781.25059039388,150000
2026-01-30 14:30:00,000660,22781.25059039388,22861.866352628756,22753.913089685408,22834.464994635193,150000
2026-01-30 14:35:00,000660,22834.464994635193,22861.866352628756,22801.24867480242,22828.643046458168,150000
2026-01-30 14:40:00,000660,22828.643046458168,22909.69787452277,22801.24867480242,22882.239187497773,150000
2026-01-30 14:45:00,000660,22882.239187497773,22942.60696140206,22854.780500472774,22915.108830805093,150000
2026-01-30 14:50:00,000660,22915.108830805093,22942.60696140206,22884.995313944844,22912.49030230761,150000
2026-01-30 14:55:00,000660,22912.49030230761,22939.98529067038,22827.200956974317,22854.62650878486,150000
2026-01-30 15:00:00,000660,22854.62650878486,22901.221029392487,22827.200956974317,22873.772502389616,150000
2026-01-30 15:05:00,000660,22873.772502389616,22901.221029392487,22819.17360542062,22846.58951283602,150000
2026-01-30 15:10:00,000660,22846.58951283602,22874.005420251426,22767.106884599627,22794.460236883886,150000
2026-01-30 15:15:00,000660,22794.460236883886,22848.376089233836,22767.106884599627,22820.99090015365,150000
2026-01-30 09:00:00,035420,22000.0,22088.708895567728,21973.600000000002,22062.234214510314,150000
2026-01-30 09:05:00,035420,22062.234214510314,22110.511820935502,22035.759533452903,22084.01100772623,150000
2026-01-30 09:10:00,035420,22084.01100772623,22165.934345456288,22057.51019451696,22139.36710493037,150000
2026-01-30 09:15:00,035420,22139.36710493037,22173.049054384443,22112.799864404453,22146.473286440712,150000
2026-01-30 09:20:00,035420,22146.473286440712,22173.049054384443,22003.363376703805,22029.799135666603,150000
2026-01-30 09:25:00,035420,22029.799135666603,22084.13380956506,22003.363376703805,22057.66461203062,150000
2026-01-30 09:30:00,035420,22057.66461203062,22084.13380956506,22017.125483053722,22043.577776385384,150000
2026-01-30 09:35:00,035420,22043.577776385384,22074.113119546735,22017.125483053722,22047.65593242782,150000
2026-01-30 09:40:00,035420,22047.65593242782,22124.580608968547,22021.198745308906,22098.062933448407,150000
2026-01-30 09:45:00,035420,22098.062933448407,22124.790029702966,22071.54525792827,22098.272103179148,150000
2026-01-30 09:50:00,035420,22098.272103179148,22152.461317951074,22071.754176655333,22125.910225680254,150000
2026-01-30 09:55:00,035420,22125.910225680254,22152.461317951074,22059.510415582812,22086.01363194114,150000
2026-01-30 10:00:00,035420,22086.01363194114,22112.51684829947,22057.4760779771,22083.976850197334,150000
2026-01-30 10:05:00,035420,22083.976850197334,22149.23770702209,22057.4760779771,22122.690478447952,150000
2026-01-30 10:10:00,035420,22122.690478447952,22203.018490181254,22096.143249873814,22176.406802018828,150000
2026-01-30 10:15:00,035420,22176.406802018828,22214.250675196425,22149.795113856406,22187.62552456694,150000
2026-01-30 10:20:00,035420,22187.62552456694,22240.630430978017,22161.000373937462,22213.973662582917,150000
2026-01-30 10:25:00,035420,22213.973662582917,22271.888720097508,22187.316894187818,22245.194486713448,150000
2026-01-30 10:30:00,035420,22245.194486713448,22317.036177995724,22218.500253329392,22290.287832596605,150000
2026-01-30 10:35:00,035420,22290.287832596605,22343.869917562006,22263.53948719749,22317.08941026968,150000
2026-01-30 10:40:00,035420,22317.08941026968,22348.49350416903,22290.30890297736,22321.70745522276,150000
2026-01-30 10:45:00,035420,22321.70745522276,22348.49350416903,22253.718132702474,22280.45467831645,150000
2026-01-30 10:50:00,035420,22280.45467831645,22307.191223930433,22229.934351125412,22256.642321911706,150000
2026-01-30 10:55:00,035420,22256.642321911706,22283.350292698004,22229.29741597787,22256.004621523698,150000
2026-01-30 11:00:00,035420,22256.004621523698,22282.71182706953,22211.11099046099,22237.796346076284,150000
2026-01-30 11:05:00,035420,22237.796346076284,22336.278341686968,22211.11099046099,22309.506933366927,150000
2026-01-30 11:10:00,035420,22309.506933366927,22361.464499912596,22282.735525046886,22334.66290442728,150000
2026-01-30 11:15:00,035420,22334.66290442728,22384.800979766245,22307.86130894197,22357.97141406936,150000
2026-01-30 11:20:00,035420,22357.97141406936,22384.800979766245,22319.717398269822,22346.533238155607,150000
2026-01-30 11:25:00,035420,22346.533238155607,22373.349078041396,22300.952668582362,22327.74596373885,150000
2026-01-30 11:30:00,035420,22327.74596373885,22373.75679249799,22300.952668582362,22346.940463941257,150000
2026-01-30 11:35:00,035420,22346.940463941257,22373.75679249799,22316.89648200265,22343.708932721915,150000
2026-01-30 11:40:00,035420,22343.708932721915,22370.521383441184,22293.363019179073,22320.14719581405,150000
2026-01-30 11:45:00,035420,22320.14719581405,22402.79870088015,22293.363019179073,22375.947563803584,800000
2026-01-30 11:50:00,035420,22375.947563803584,22410.640999577197,22349.09642672702,22383.78046302157,150000
2026-01-30 11:55:00,035420,22383.78046302157,22429.88629931024,22356.919926465944,22403.00269607495,150000
2026-01-30 12:00:00,035420,22403.00269607495,22549.314145145276,22376.11909283966,22522.287400264955,150000
2026-01-30 12:05:00,035420,22522.287400264955,22549.314145145276,22483.028545703444,22510.040594416743,150000
2026-01-30 12:10:00,035420,22510.040594416743,22542.32108830981,22483.028545703444,22515.30272503976,150000
2026-01-30 12:15:00,035420,22515.30272503976,22582.983518597302,22488.284361769714,22555.916418894627,150000
2026-01-30 12:20:00,035420,22555.916418894627,22620.520059298848,22528.849319191955,22593.407969735163,150000
2026-01-30 12:25:00,035420,22593.407969735163,22668.88372666685,22566.29588017148,22641.713670262532,150000
2026-01-30 12:30:00,035420,22641.713670262532,22732.388530481214,22614.54361385822,22705.14235964963,150000
2026-01-30 12:35:00,035420,22705.14235964963,22743.798485331194,22677.896188818053,22716.538638964434,150000
2026-01-30 12:40:00,035420,22716.538638964434,22824.209473242907,22689.278792597677,22796.85324934369,150000
2026-01-30 12:45:00,035420,22796.85324934369,22881.26999692601,22769.497025444478,22853.845382467047,800000
2026-01-30 12:50:00,035420,22853.845382467047,22884.158098725977,22826.420768008087,22856.730022698735,150000
2026-01-30 12:55:00,035420,22856.730022698735,22884.158098725977,22805.137129499988,22832.536172907476,150000
2026-01-30 13:00:00,035420,22832.536172907476,22883.50508596638,22805.137129499988,22856.077792615237,150000
2026-01-30 13:05:00,035420,22856.077792615237,22905.797140841332,22828.6504992641,22878.34312908643,150000
2026-01-30 13:10:00,035420,22878.34312908643,22920.84889778053,22850.889117331524,22893.376845565846,150000
2026-01-30 13:15:00,035420,22893.376845565846,22949.9447620444,22865.90479335117,22922.43783664043,150000
2026-01-30 13:20:00,035420,22922.43783664043,23027.620355890267,22894.930911236464,23000.020331492473,150000
2026-01-30 13:25:00,035420,23000.020331492473,23027.620355890267,22953.653417181442,22981.230894254546,150000
2026-01-30 13:30:00,035420,22981.230894254546,23008.808371327654,22920.213762661606,22947.751063938333,150000
2026-01-30 13:35:00,035420,22947.751063938333,22975.28836521506,22859.788322853048,22887.25302648483,150000
2026-01-30 13:40:00,035420,22887.25302648483,22914.717730116612,22853.70088195329,22881.158271879543,150000
2026-01-30 13:45:00,035420,22881.158271879543,22965.887200960315,22853.70088195329,22938.36116755924,800000
2026-01-30 13:50:00,035420,22938.36116755924,23023.92120708701,22910.83513415817,22996.32561634739,150000
2026-01-30 13:55:00,035420,22996.32561634739,23061.47250205644,22968.730025607772,23033.831903771912,150000
2026-01-30 14:00:00,035420,23033.831903771912,23110.83779498489,23006.191305487388,23083.13802934967,150000
2026-01-30 14:05:00,035420,23083.13802934967,23128.063830731924,23055.43826371445,23100.343418629567,150000
2026-01-30 14:10:00,035420,23100.343418629567,23128.063830731924,23039.918248322585,23067.59936756366,150000
2026-01-30 14:15:00,035420,23067.59936756366,23095.28048680474,22998.941470565827,23026.573358596142,150000
2026-01-30 14:20:00,035420,23026.573358596142,23120.320433775745,22998.941470565827,23092.609302612607,150000
2026-01-30 14:25:00,035420,23092.609302612607,23120.320433775745,23050.57301731453,23078.2669376397,150000
2026-01-30 14:30:00,035420,23078.2669376397,23180.887601343038,23050.57301731453,23153.103876691006,150000
2026-01-30 14:35:00,035420,23153.103876691006,23180.887601343038,23124.98086492896,23152.764181947296,150000
2026-01-30 14:40:00,035420,23152.764181947296,23180.547498965636,23100.375386336986,23128.129141306552,150000
2026-01-30 14:45:00,035420,23128.129141306552,23190.08704606572,23100.375386336986,23162.292295311345,150000
2026-01-30 14:50:00,035420,23162.292295311345,23213.572974705916,23134.497544556973,23185.750074616375,150000
2026-01-30 14:55:00,035420,23185.750074616375,23254.812808431085,23157.927174526834,23226.940479855257,150000
2026-01-30 15:00:00,035420,23226.940479855257,23322.439927066007,23199.068151279433,23294.48654321415,150000
2026-01-30 15:05:00,035420,23294.48654321415,23322.439927066007,23247.447397613072,23275.377851034315,150000
2026-01-30 15:10:00,035420,23275.377851034315,23354.068833317884,23247.447397613072,23326.077540269558,150000
2026-01-30 15:15:00,035420,23326.077540269558,23428.23396347746,23298.086247221236,23400.153778942728,150000
